[debug] [2026-03-18T23:17:48.225Z] ----------------------------------------------------------------------
[debug] [2026-03-18T23:17:48.228Z] Command:       C:\Users\krish\AppData\Local\fnm_multishells\29036_1773874984751\node.exe C:\Users\krish\AppData\Local\fnm_multishells\29036_1773874984751\node_modules\firebase-tools\lib\bin\firebase.js deploy
[debug] [2026-03-18T23:17:48.228Z] CLI Version:   15.10.1
[debug] [2026-03-18T23:17:48.228Z] Platform:      win32
[debug] [2026-03-18T23:17:48.228Z] Node Version:  v24.13.0
[debug] [2026-03-18T23:17:48.229Z] Time:          Thu Mar 19 2026 04:47:48 GMT+0530 (India Standard Time)
[debug] [2026-03-18T23:17:48.229Z] ----------------------------------------------------------------------
[debug] 
[debug] [2026-03-18T23:17:50.300Z] > command requires scopes: ["email","openid","https://www.googleapis.com/auth/cloudplatformprojects.readonly","https://www.googleapis.com/auth/firebase","https://www.googleapis.com/auth/cloud-platform"]
[debug] [2026-03-18T23:17:50.300Z] > authorizing via signed-in user (pharmaceuticalsnovitrail@gmail.com)
[debug] [2026-03-18T23:17:50.300Z] [iam] checking project website-novitrail for permissions ["firebase.projects.get","firebasehosting.sites.update"]
[debug] [2026-03-18T23:17:50.301Z] Checked if tokens are valid: true, expires at: 1773878659909
[debug] [2026-03-18T23:17:50.301Z] Checked if tokens are valid: true, expires at: 1773878659909
[debug] [2026-03-18T23:17:50.302Z] >>> [apiv2][query] POST https://cloudresourcemanager.googleapis.com/v1/projects/website-novitrail:testIamPermissions [none]
[debug] [2026-03-18T23:17:50.302Z] >>> [apiv2][(partial)header] POST https://cloudresourcemanager.googleapis.com/v1/projects/website-novitrail:testIamPermissions  x-goog-user-project=website-novitrail
[debug] [2026-03-18T23:17:50.302Z] >>> [apiv2][body] POST https://cloudresourcemanager.googleapis.com/v1/projects/website-novitrail:testIamPermissions {"permissions":["firebase.projects.get","firebasehosting.sites.update"]}
[debug] [2026-03-18T23:17:51.792Z] <<< [apiv2][status] POST https://cloudresourcemanager.googleapis.com/v1/projects/website-novitrail:testIamPermissions 200
[debug] [2026-03-18T23:17:51.792Z] <<< [apiv2][body] POST https://cloudresourcemanager.googleapis.com/v1/projects/website-novitrail:testIamPermissions {"permissions":["firebase.projects.get","firebasehosting.sites.update"]}
[debug] [2026-03-18T23:17:51.793Z] Checked if tokens are valid: true, expires at: 1773878659909
[debug] [2026-03-18T23:17:51.793Z] Checked if tokens are valid: true, expires at: 1773878659909
[debug] [2026-03-18T23:17:51.793Z] >>> [apiv2][query] GET https://firebase.googleapis.com/v1beta1/projects/website-novitrail [none]
[debug] [2026-03-18T23:17:52.448Z] <<< [apiv2][status] GET https://firebase.googleapis.com/v1beta1/projects/website-novitrail 200
[debug] [2026-03-18T23:17:52.448Z] <<< [apiv2][body] GET https://firebase.googleapis.com/v1beta1/projects/website-novitrail {"projectId":"website-novitrail","projectNumber":"252749113198","displayName":"website-novitrail","name":"projects/website-novitrail","resources":{"hostingSite":"website-novitrail"},"state":"ACTIVE","etag":"1_54e17dba-8ee5-4ff8-82b3-715bb89c0da0"}
[info] 
   Thank you for trying our early preview of Next.js support on Firebase Hosting.
   During the preview, support is best-effort and breaking changes can be expected. Proceed with caution.
   The integration is known to work with Next.js version 12 - 15.0. You may encounter errors.

   Documentation: https://firebase.google.com/docs/hosting/frameworks/nextjs
   File a bug: https://github.com/firebase/firebase-tools/issues/new?template=bug_report.md
   Submit a feature request: https://github.com/firebase/firebase-tools/issues/new?template=feature_request.md

   We'd love to learn from you. Express your interest in helping us shape the future of Firebase Hosting: https://goo.gle/41enW5X

[debug] [2026-03-18T23:17:59.746Z] Checked if tokens are valid: true, expires at: 1773878659909
[debug] [2026-03-18T23:17:59.746Z] Checked if tokens are valid: true, expires at: 1773878659909
[debug] [2026-03-18T23:17:59.746Z] >>> [apiv2][query] GET https://firebasehosting.googleapis.com/v1beta1/projects/website-novitrail/sites/website-novitrail [none]
[debug] [2026-03-18T23:18:00.977Z] <<< [apiv2][status] GET https://firebasehosting.googleapis.com/v1beta1/projects/website-novitrail/sites/website-novitrail 200
[debug] [2026-03-18T23:18:00.977Z] <<< [apiv2][body] GET https://firebasehosting.googleapis.com/v1beta1/projects/website-novitrail/sites/website-novitrail {"name":"projects/website-novitrail/sites/website-novitrail","defaultUrl":"https://website-novitrail.web.app","type":"DEFAULT_SITE"}
[info] ▲ Next.js 16.1.6 (Turbopack)

[info] 

[info]   Creating an optimized production build ...

[info] ✓ Compiled successfully in 4.0s

[info]   Running TypeScript ...

[info]   Collecting page data using 11 workers ...

[info]   Generating static pages using 11 workers (0/11) ...

[info]   Generating static pages using 11 workers (2/11) 

[info]   Generating static pages using 11 workers (5/11) 

[info]   Generating static pages using 11 workers (8/11) 

[info] ✓ Generating static pages using 11 workers (11/11) in 779.5ms

[info]   Finalizing page optimization ...

[info] 

[info] Route (app)
┌ ○ /
├ ○ /_not-found
├ ○ /about
├ ○ /contact
├ ○ /export
├ ○ /formulations
├ ○ /products
├ ƒ /products/[name]
├ ○ /robots.txt
└ ○ /sitemap.xml


○  (Static)   prerendered as static content
ƒ  (Dynamic)  server-rendered on demand


[info] Building a Cloud Function to run this application. This is needed due to:
[info]  • non-static component /products/[name]/page
[info] 
[debug] [2026-03-18T23:18:21.234Z] Checked if tokens are valid: true, expires at: 1773878659909
[debug] [2026-03-18T23:18:21.234Z] Checked if tokens are valid: true, expires at: 1773878659909
[debug] [2026-03-18T23:18:21.234Z] >>> [apiv2][query] GET https://firebasehosting.googleapis.com/v1beta1/projects/website-novitrail/sites/website-novitrail [none]
[debug] [2026-03-18T23:18:22.402Z] <<< [apiv2][status] GET https://firebasehosting.googleapis.com/v1beta1/projects/website-novitrail/sites/website-novitrail 200
[debug] [2026-03-18T23:18:22.403Z] <<< [apiv2][body] GET https://firebasehosting.googleapis.com/v1beta1/projects/website-novitrail/sites/website-novitrail {"name":"projects/website-novitrail/sites/website-novitrail","defaultUrl":"https://website-novitrail.web.app","type":"DEFAULT_SITE"}
[debug] [2026-03-18T23:18:46.280Z] [web frameworks] effective firebase.json:  {
  "hosting": [
    {
      "source": ".",
      "ignore": [
        "firebase.json",
        "**/.*",
        "**/node_modules/**"
      ],
      "frameworksBackend": {
        "region": "asia-east1"
      },
      "site": "website-novitrail",
      "rewrites": [
        {
          "source": "**",
          "function": {
            "functionId": "ssrwebsitenovitrail",
            "region": "asia-east1",
            "pinTag": true
          }
        }
      ],
      "redirects": [],
      "headers": [
        {
          "source": "/_global-error",
          "headers": [
            {
              "key": "x-nextjs-stale-time",
              "value": "300"
            },
            {
              "key": "x-nextjs-prerender",
              "value": "1"
            },
            {
              "key": "x-next-cache-tags",
              "value": "_N_T_/layout,_N_T_/_global-error/layout,_N_T_/_global-error/page,_N_T_/_global-error"
            }
          ]
        },
        {
          "source": "/export",
          "headers": [
            {
              "key": "x-nextjs-stale-time",
              "value": "300"
            },
            {
              "key": "x-nextjs-prerender",
              "value": "1"
            },
            {
              "key": "x-next-cache-tags",
              "value": "_N_T_/layout,_N_T_/export/layout,_N_T_/export/page,_N_T_/export"
            }
          ]
        },
        {
          "source": "/formulations",
          "headers": [
            {
              "key": "x-nextjs-stale-time",
              "value": "300"
            },
            {
              "key": "x-nextjs-prerender",
              "value": "1"
            },
            {
              "key": "x-next-cache-tags",
              "value": "_N_T_/layout,_N_T_/formulations/layout,_N_T_/formulations/page,_N_T_/formulations"
            }
          ]
        },
        {
          "source": "/_not-found",
          "headers": [
            {
              "key": "x-nextjs-stale-time",
              "value": "300"
            },
            {
              "key": "x-nextjs-prerender",
              "value": "1"
            },
            {
              "key": "x-next-cache-tags",
              "value": "_N_T_/layout,_N_T_/_not-found/layout,_N_T_/_not-found/page,_N_T_/_not-found"
            }
          ]
        },
        {
          "source": "/contact",
          "headers": [
            {
              "key": "x-nextjs-stale-time",
              "value": "300"
            },
            {
              "key": "x-nextjs-prerender",
              "value": "1"
            },
            {
              "key": "x-next-cache-tags",
              "value": "_N_T_/layout,_N_T_/contact/layout,_N_T_/contact/page,_N_T_/contact"
            }
          ]
        },
        {
          "source": "/products",
          "headers": [
            {
              "key": "x-nextjs-stale-time",
              "value": "300"
            },
            {
              "key": "x-nextjs-prerender",
              "value": "1"
            },
            {
              "key": "x-next-cache-tags",
              "value": "_N_T_/layout,_N_T_/products/layout,_N_T_/products/page,_N_T_/products"
            }
          ]
        },
        {
          "source": "/about",
          "headers": [
            {
              "key": "x-nextjs-stale-time",
              "value": "300"
            },
            {
              "key": "x-nextjs-prerender",
              "value": "1"
            },
            {
              "key": "x-next-cache-tags",
              "value": "_N_T_/layout,_N_T_/about/layout,_N_T_/about/page,_N_T_/about"
            }
          ]
        },
        {
          "source": "/favicon.ico",
          "headers": [
            {
              "key": "cache-control",
              "value": "public, max-age=0, must-revalidate"
            },
            {
              "key": "content-type",
              "value": "image/x-icon"
            },
            {
              "key": "x-next-cache-tags",
              "value": "_N_T_/layout,_N_T_/favicon.ico/layout,_N_T_/favicon.ico/route,_N_T_/favicon.ico"
            }
          ]
        },
        {
          "source": "/robots.txt",
          "headers": [
            {
              "key": "cache-control",
              "value": "public, max-age=0, must-revalidate"
            },
            {
              "key": "content-type",
              "value": "text/plain"
            },
            {
              "key": "x-next-cache-tags",
              "value": "_N_T_/layout,_N_T_/robots.txt/layout,_N_T_/robots.txt/route,_N_T_/robots.txt"
            }
          ]
        },
        {
          "source": "/sitemap.xml",
          "headers": [
            {
              "key": "cache-control",
              "value": "public, max-age=0, must-revalidate"
            },
            {
              "key": "content-type",
              "value": "application/xml"
            },
            {
              "key": "x-next-cache-tags",
              "value": "_N_T_/layout,_N_T_/sitemap.xml/layout,_N_T_/sitemap.xml/route,_N_T_/sitemap.xml"
            }
          ]
        }
      ],
      "cleanUrls": true,
      "trailingSlash": false,
      "public": ".firebase\\website-novitrail\\hosting",
      "webFramework": "next_ssr"
    }
  ],
  "functions": [
    {
      "source": ".firebase\\website-novitrail\\functions",
      "codebase": "firebase-frameworks-website-novitrail"
    }
  ]
}
[debug] [2026-03-18T23:18:46.280Z] > command requires scopes: ["email","openid","https://www.googleapis.com/auth/cloudplatformprojects.readonly","https://www.googleapis.com/auth/firebase","https://www.googleapis.com/auth/cloud-platform"]
[debug] [2026-03-18T23:18:46.280Z] > authorizing via signed-in user (pharmaceuticalsnovitrail@gmail.com)
[debug] [2026-03-18T23:18:46.280Z] [iam] checking project website-novitrail for permissions ["cloudfunctions.functions.create","cloudfunctions.functions.delete","cloudfunctions.functions.get","cloudfunctions.functions.list","cloudfunctions.functions.update","cloudfunctions.operations.get","firebase.projects.get"]
[debug] [2026-03-18T23:18:46.281Z] Checked if tokens are valid: true, expires at: 1773878659909
[debug] [2026-03-18T23:18:46.281Z] Checked if tokens are valid: true, expires at: 1773878659909
[debug] [2026-03-18T23:18:46.281Z] >>> [apiv2][query] POST https://cloudresourcemanager.googleapis.com/v1/projects/website-novitrail:testIamPermissions [none]
[debug] [2026-03-18T23:18:46.281Z] >>> [apiv2][(partial)header] POST https://cloudresourcemanager.googleapis.com/v1/projects/website-novitrail:testIamPermissions  x-goog-user-project=website-novitrail
[debug] [2026-03-18T23:18:46.281Z] >>> [apiv2][body] POST https://cloudresourcemanager.googleapis.com/v1/projects/website-novitrail:testIamPermissions {"permissions":["cloudfunctions.functions.create","cloudfunctions.functions.delete","cloudfunctions.functions.get","cloudfunctions.functions.list","cloudfunctions.functions.update","cloudfunctions.operations.get","firebase.projects.get"]}
[debug] [2026-03-18T23:18:47.772Z] <<< [apiv2][status] POST https://cloudresourcemanager.googleapis.com/v1/projects/website-novitrail:testIamPermissions 200
[debug] [2026-03-18T23:18:47.772Z] <<< [apiv2][body] POST https://cloudresourcemanager.googleapis.com/v1/projects/website-novitrail:testIamPermissions {"permissions":["cloudfunctions.functions.create","cloudfunctions.functions.delete","cloudfunctions.functions.get","cloudfunctions.functions.list","cloudfunctions.functions.update","cloudfunctions.operations.get","firebase.projects.get"]}
[info] 
[info] === Deploying to 'website-novitrail'...
[info] 
[info] i  deploying functions, hosting 
[debug] [2026-03-18T23:18:47.775Z] Checked if tokens are valid: true, expires at: 1773878659909
[debug] [2026-03-18T23:18:47.775Z] Checked if tokens are valid: true, expires at: 1773878659909
[debug] [2026-03-18T23:18:47.775Z] >>> [apiv2][query] GET https://cloudresourcemanager.googleapis.com/v1/projects/website-novitrail [none]
[debug] [2026-03-18T23:18:48.095Z] <<< [apiv2][status] GET https://cloudresourcemanager.googleapis.com/v1/projects/website-novitrail 200
[debug] [2026-03-18T23:18:48.095Z] <<< [apiv2][body] GET https://cloudresourcemanager.googleapis.com/v1/projects/website-novitrail {"projectNumber":"252749113198","projectId":"website-novitrail","lifecycleState":"ACTIVE","name":"website-novitrail","labels":{"firebase":"enabled","firebase-core":"disabled"},"createTime":"2025-01-19T16:16:55.129248Z"}
[info] i  functions: preparing codebase firebase-frameworks-website-novitrail for deployment 
[info] i  functions: ensuring required API cloudfunctions.googleapis.com is enabled... 
[info] i  functions: ensuring required API cloudbuild.googleapis.com is enabled... 
[info] i  artifactregistry: ensuring required API artifactregistry.googleapis.com is enabled... 
[debug] [2026-03-18T23:18:48.097Z] Checked if tokens are valid: true, expires at: 1773878659909
[debug] [2026-03-18T23:18:48.097Z] Checked if tokens are valid: true, expires at: 1773878659909
[debug] [2026-03-18T23:18:48.097Z] >>> [apiv2][query] GET https://firebase.googleapis.com/v1beta1/projects/website-novitrail/adminSdkConfig [none]
[debug] [2026-03-18T23:18:48.744Z] <<< [apiv2][status] GET https://firebase.googleapis.com/v1beta1/projects/website-novitrail/adminSdkConfig 200
[debug] [2026-03-18T23:18:48.744Z] <<< [apiv2][body] GET https://firebase.googleapis.com/v1beta1/projects/website-novitrail/adminSdkConfig {"projectId":"website-novitrail","storageBucket":"website-novitrail.firebasestorage.app"}
[debug] [2026-03-18T23:18:48.744Z] Checked if tokens are valid: true, expires at: 1773878659909
[debug] [2026-03-18T23:18:48.745Z] Checked if tokens are valid: true, expires at: 1773878659909
[debug] [2026-03-18T23:18:48.745Z] >>> [apiv2][query] GET https://runtimeconfig.googleapis.com/v1beta1/projects/website-novitrail/configs [none]
[debug] [2026-03-18T23:18:49.498Z] <<< [apiv2][status] GET https://runtimeconfig.googleapis.com/v1beta1/projects/website-novitrail/configs 200
[debug] [2026-03-18T23:18:49.498Z] <<< [apiv2][body] GET https://runtimeconfig.googleapis.com/v1beta1/projects/website-novitrail/configs {}
[debug] [2026-03-18T23:18:49.500Z] Validating nodejs source
[warn] !  functions: package.json indicates an outdated version of firebase-functions. Please upgrade using npm install --save firebase-functions@latest in your functions directory. 
[warn] !  functions: Please note that there will be breaking changes when you upgrade. 
[debug] [2026-03-18T23:18:50.312Z] > [functions] package.json contents: {
  "name": "novitrail-latest",
  "version": "0.1.0",
  "private": true,
  "dependencies": {
    "@tanstack/react-table": "^8.21.3",
    "framer-motion": "^12.29.2",
    "lucide-react": "^0.563.0",
    "next": "16.1.6",
    "react": "19.2.3",
    "react-dom": "19.2.3",
    "firebase-frameworks": "^0.11.0",
    "firebase-functions": "^6.0.1",
    "firebase-admin": "^11.11.1"
  },
  "main": "server.js",
  "engines": {
    "node": "24"
  }
}
[debug] [2026-03-18T23:18:50.312Z] Building nodejs source
[info] i  functions: Loading and analyzing source code for codebase firebase-frameworks-website-novitrail to determine what to deploy 
[debug] [2026-03-18T23:18:50.313Z] Could not find functions.yaml. Must use http discovery
[debug] [2026-03-18T23:18:50.322Z] Found firebase-functions binary at 'C:\Users\krish\Desktop\novitrail-latest\.firebase\website-novitrail\functions\node_modules\.bin\firebase-functions'
[info] Serving at port 8719

[debug] [2026-03-18T23:18:50.926Z] Got response from /__/functions.yaml {"endpoints":{"ssrwebsitenovitrail":{"availableMemoryMb":null,"timeoutSeconds":null,"minInstances":null,"maxInstances":null,"ingressSettings":null,"concurrency":null,"serviceAccountEmail":null,"vpc":null,"platform":"gcfv2","region":["asia-east1"],"labels":{},"httpsTrigger":{},"entryPoint":"ssrwebsitenovitrail"}},"specVersion":"v1alpha1","requiredAPIs":[],"extensions":{}}
[info] i  extensions: ensuring required API firebaseextensions.googleapis.com is enabled... 
[debug] [2026-03-18T23:18:54.963Z] > command requires scopes: ["email","openid","https://www.googleapis.com/auth/cloudplatformprojects.readonly","https://www.googleapis.com/auth/firebase","https://www.googleapis.com/auth/cloud-platform"]
[debug] [2026-03-18T23:18:54.963Z] > authorizing via signed-in user (pharmaceuticalsnovitrail@gmail.com)
[debug] [2026-03-18T23:18:54.963Z] [iam] checking project website-novitrail for permissions ["firebase.projects.get","firebaseextensions.instances.list"]
[debug] [2026-03-18T23:18:54.963Z] Checked if tokens are valid: true, expires at: 1773878659909
[debug] [2026-03-18T23:18:54.963Z] Checked if tokens are valid: true, expires at: 1773878659909
[debug] [2026-03-18T23:18:54.963Z] >>> [apiv2][query] POST https://cloudresourcemanager.googleapis.com/v1/projects/website-novitrail:testIamPermissions [none]
[debug] [2026-03-18T23:18:54.963Z] >>> [apiv2][(partial)header] POST https://cloudresourcemanager.googleapis.com/v1/projects/website-novitrail:testIamPermissions  x-goog-user-project=website-novitrail
[debug] [2026-03-18T23:18:54.963Z] >>> [apiv2][body] POST https://cloudresourcemanager.googleapis.com/v1/projects/website-novitrail:testIamPermissions {"permissions":["firebase.projects.get","firebaseextensions.instances.list"]}
[debug] [2026-03-18T23:18:56.381Z] <<< [apiv2][status] POST https://cloudresourcemanager.googleapis.com/v1/projects/website-novitrail:testIamPermissions 200
[debug] [2026-03-18T23:18:56.381Z] <<< [apiv2][body] POST https://cloudresourcemanager.googleapis.com/v1/projects/website-novitrail:testIamPermissions {"permissions":["firebase.projects.get","firebaseextensions.instances.list"]}
[debug] [2026-03-18T23:18:56.382Z] Checked if tokens are valid: true, expires at: 1773878659909
[debug] [2026-03-18T23:18:56.382Z] Checked if tokens are valid: true, expires at: 1773878659909
[debug] [2026-03-18T23:18:56.382Z] >>> [apiv2][query] GET https://firebaseextensions.googleapis.com/v1beta/projects/website-novitrail/instances pageSize=100&pageToken=
[debug] [2026-03-18T23:18:57.988Z] <<< [apiv2][status] GET https://firebaseextensions.googleapis.com/v1beta/projects/website-novitrail/instances 200
[debug] [2026-03-18T23:18:57.989Z] <<< [apiv2][body] GET https://firebaseextensions.googleapis.com/v1beta/projects/website-novitrail/instances {}
[info] i  functions: Loaded environment variables from .env. 
[info] i  functions: preparing .firebase\website-novitrail\functions directory for uploading... 
[info] i  functions: packaged C:\Users\krish\Desktop\novitrail-latest\.firebase\website-novitrail\functions (407.48 MB) for uploading 
[debug] [2026-03-18T23:19:45.973Z] Checked if tokens are valid: true, expires at: 1773878659909
[debug] [2026-03-18T23:19:45.973Z] Checked if tokens are valid: true, expires at: 1773878659909
[debug] [2026-03-18T23:19:45.973Z] >>> [apiv2][query] GET https://cloudfunctions.googleapis.com/v1/projects/website-novitrail/locations/-/functions [none]
[debug] [2026-03-18T23:19:46.730Z] <<< [apiv2][status] GET https://cloudfunctions.googleapis.com/v1/projects/website-novitrail/locations/-/functions 200
[debug] [2026-03-18T23:19:46.730Z] <<< [apiv2][body] GET https://cloudfunctions.googleapis.com/v1/projects/website-novitrail/locations/-/functions {}
[debug] [2026-03-18T23:19:46.730Z] Checked if tokens are valid: true, expires at: 1773878659909
[debug] [2026-03-18T23:19:46.730Z] Checked if tokens are valid: true, expires at: 1773878659909
[debug] [2026-03-18T23:19:46.731Z] >>> [apiv2][query] GET https://cloudfunctions.googleapis.com/v2/projects/website-novitrail/locations/-/functions filter=environment%3D%22GEN_2%22
[debug] [2026-03-18T23:19:47.575Z] <<< [apiv2][status] GET https://cloudfunctions.googleapis.com/v2/projects/website-novitrail/locations/-/functions 200
[debug] [2026-03-18T23:19:47.575Z] <<< [apiv2][body] GET https://cloudfunctions.googleapis.com/v2/projects/website-novitrail/locations/-/functions {"functions":[{"name":"projects/website-novitrail/locations/asia-east1/functions/ssrwebsitenovitrail","buildConfig":{"build":"projects/252749113198/locations/asia-east1/builds/ed551620-fb69-464c-a5e7-8b4137416cbb","runtime":"nodejs24","entryPoint":"ssrwebsitenovitrail","source":{"storageSource":{"bucket":"gcf-v2-sources-252749113198-asia-east1","object":"ssrwebsitenovitrail/function-source.zip","generation":"1773875277912582"}},"environmentVariables":{"GOOGLE_NODE_RUN_SCRIPTS":""},"dockerRepository":"projects/website-novitrail/locations/asia-east1/repositories/gcf-artifacts","sourceProvenance":{"resolvedStorageSource":{"bucket":"gcf-v2-sources-252749113198-asia-east1","object":"ssrwebsitenovitrail/function-source.zip","generation":"1773875277912582"}},"dockerRegistry":"ARTIFACT_REGISTRY","serviceAccount":"projects/website-novitrail/serviceAccounts/252749113198-compute@developer.gserviceaccount.com","automaticUpdatePolicy":{}},"serviceConfig":{"service":"projects/website-novitrail/locations/asia-east1/services/ssrwebsitenovitrail","timeoutSeconds":60,"environmentVariables":{"VERCEL_URL":"website-novitrail.web.app","__FIREBASE_FRAMEWORKS_ENTRY__":"next.js","FIREBASE_CONFIG":"{\"projectId\":\"website-novitrail\",\"storageBucket\":\"website-novitrail.firebasestorage.app\"}","GCLOUD_PROJECT":"website-novitrail","EVENTARC_CLOUD_EVENT_SOURCE":"projects/website-novitrail/locations/asia-east1/services/ssrwebsitenovitrail","FUNCTION_TARGET":"ssrwebsitenovitrail","LOG_EXECUTION_ID":"true"},"maxInstanceCount":3,"ingressSettings":"ALLOW_ALL","uri":"https://ssrwebsitenovitrail-2madf7oeka-de.a.run.app","serviceAccountEmail":"252749113198-compute@developer.gserviceaccount.com","availableMemory":"256Mi","allTrafficOnLatestRevision":true,"revision":"ssrwebsitenovitrail-00031-muj","maxInstanceRequestConcurrency":80,"availableCpu":"1"},"state":"ACTIVE","updateTime":"2026-03-18T23:11:49.960090315Z","labels":{"firebase-functions-hash":"43c243e58ca19d76fcfd2dd80fb00aef3575fd2c","deployment-tool":"cli-firebase","firebase-functions-codebase":"firebase-frameworks-website-novitrail"},"environment":"GEN_2","url":"https://asia-east1-website-novitrail.cloudfunctions.net/ssrwebsitenovitrail","createTime":"2025-01-20T03:17:41.491382417Z","satisfiesPzi":true}]}
[info] i  functions: ensuring required API run.googleapis.com is enabled... 
[info] i  functions: ensuring required API eventarc.googleapis.com is enabled... 
[info] i  functions: ensuring required API pubsub.googleapis.com is enabled... 
[info] i  functions: ensuring required API storage.googleapis.com is enabled... 
[info] i  functions: generating the service identity for pubsub.googleapis.com... 
[debug] [2026-03-18T23:19:47.579Z] Checked if tokens are valid: true, expires at: 1773878659909
[debug] [2026-03-18T23:19:47.579Z] Checked if tokens are valid: true, expires at: 1773878659909
[info] i  functions: generating the service identity for eventarc.googleapis.com... 
[debug] [2026-03-18T23:19:47.580Z] Checked if tokens are valid: true, expires at: 1773878659909
[debug] [2026-03-18T23:19:47.580Z] Checked if tokens are valid: true, expires at: 1773878659909
[debug] [2026-03-18T23:19:47.580Z] >>> [apiv2][query] POST https://serviceusage.googleapis.com/v1beta1/projects/252749113198/services/pubsub.googleapis.com:generateServiceIdentity [none]
[debug] [2026-03-18T23:19:47.580Z] >>> [apiv2][(partial)header] POST https://serviceusage.googleapis.com/v1beta1/projects/252749113198/services/pubsub.googleapis.com:generateServiceIdentity  x-goog-user-project=252749113198
[debug] [2026-03-18T23:19:47.580Z] >>> [apiv2][body] POST https://serviceusage.googleapis.com/v1beta1/projects/252749113198/services/pubsub.googleapis.com:generateServiceIdentity {}
[debug] [2026-03-18T23:19:47.581Z] >>> [apiv2][query] POST https://serviceusage.googleapis.com/v1beta1/projects/252749113198/services/eventarc.googleapis.com:generateServiceIdentity [none]
[debug] [2026-03-18T23:19:47.581Z] >>> [apiv2][(partial)header] POST https://serviceusage.googleapis.com/v1beta1/projects/252749113198/services/eventarc.googleapis.com:generateServiceIdentity  x-goog-user-project=252749113198
[debug] [2026-03-18T23:19:47.581Z] >>> [apiv2][body] POST https://serviceusage.googleapis.com/v1beta1/projects/252749113198/services/eventarc.googleapis.com:generateServiceIdentity {}
[debug] [2026-03-18T23:19:49.422Z] <<< [apiv2][status] POST https://serviceusage.googleapis.com/v1beta1/projects/252749113198/services/pubsub.googleapis.com:generateServiceIdentity 200
[debug] [2026-03-18T23:19:49.422Z] <<< [apiv2][body] POST https://serviceusage.googleapis.com/v1beta1/projects/252749113198/services/pubsub.googleapis.com:generateServiceIdentity {"name":"operations/finished.DONE_OPERATION","done":true,"response":{"@type":"type.googleapis.com/google.api.serviceusage.v1beta1.ServiceIdentity","email":"service-252749113198@gcp-sa-pubsub.iam.gserviceaccount.com","uniqueId":"110374473297620164900"}}
[debug] [2026-03-18T23:19:49.469Z] <<< [apiv2][status] POST https://serviceusage.googleapis.com/v1beta1/projects/252749113198/services/eventarc.googleapis.com:generateServiceIdentity 200
[debug] [2026-03-18T23:19:49.469Z] <<< [apiv2][body] POST https://serviceusage.googleapis.com/v1beta1/projects/252749113198/services/eventarc.googleapis.com:generateServiceIdentity {"name":"operations/finished.DONE_OPERATION","done":true,"response":{"@type":"type.googleapis.com/google.api.serviceusage.v1beta1.ServiceIdentity","email":"service-252749113198@gcp-sa-eventarc.iam.gserviceaccount.com","uniqueId":"117965351527894195008"}}
[debug] [2026-03-18T23:19:49.471Z] Checked if tokens are valid: true, expires at: 1773878659909
[debug] [2026-03-18T23:19:49.471Z] Checked if tokens are valid: true, expires at: 1773878659909
[debug] [2026-03-18T23:19:49.471Z] >>> [apiv2][query] GET https://cloudresourcemanager.googleapis.com/v1/projects/website-novitrail [none]
[debug] [2026-03-18T23:19:50.983Z] <<< [apiv2][status] GET https://cloudresourcemanager.googleapis.com/v1/projects/website-novitrail 200
[debug] [2026-03-18T23:19:50.983Z] <<< [apiv2][body] GET https://cloudresourcemanager.googleapis.com/v1/projects/website-novitrail {"projectNumber":"252749113198","projectId":"website-novitrail","lifecycleState":"ACTIVE","name":"website-novitrail","labels":{"firebase":"enabled","firebase-core":"disabled"},"createTime":"2025-01-19T16:16:55.129248Z"}
[debug] [2026-03-18T23:19:50.983Z] Checked if tokens are valid: true, expires at: 1773878659909
[debug] [2026-03-18T23:19:50.983Z] Checked if tokens are valid: true, expires at: 1773878659909
[debug] [2026-03-18T23:19:50.983Z] >>> [apiv2][query] GET https://compute.googleapis.com/compute/v1/projects/252749113198 [none]
[debug] [2026-03-18T23:19:51.941Z] <<< [apiv2][status] GET https://compute.googleapis.com/compute/v1/projects/252749113198 403
[debug] [2026-03-18T23:19:51.941Z] <<< [apiv2][body] GET https://compute.googleapis.com/compute/v1/projects/252749113198 {"error":{"code":403,"message":"Compute Engine API has not been used in project 252749113198 before or it is disabled. Enable it by visiting https://console.developers.google.com/apis/api/compute.googleapis.com/overview?project=252749113198 then retry. If you enabled this API recently, wait a few minutes for the action to propagate to our systems and retry.","errors":[{"message":"Compute Engine API has not been used in project 252749113198 before or it is disabled. Enable it by visiting https://console.developers.google.com/apis/api/compute.googleapis.com/overview?project=252749113198 then retry. If you enabled this API recently, wait a few minutes for the action to propagate to our systems and retry.","domain":"usageLimits","reason":"accessNotConfigured","extendedHelp":"https://console.developers.google.com"}],"status":"PERMISSION_DENIED","details":[{"@type":"type.googleapis.com/google.rpc.ErrorInfo","reason":"SERVICE_DISABLED","domain":"googleapis.com","metadata":{"consumer":"projects/252749113198","service":"compute.googleapis.com","serviceTitle":"Compute Engine API","activationUrl":"https://console.developers.google.com/apis/api/compute.googleapis.com/overview?project=252749113198","containerInfo":"252749113198"}},{"@type":"type.googleapis.com/google.rpc.LocalizedMessage","locale":"en-US","message":"Compute Engine API has not been used in project 252749113198 before or it is disabled. Enable it by visiting https://console.developers.google.com/apis/api/compute.googleapis.com/overview?project=252749113198 then retry. If you enabled this API recently, wait a few minutes for the action to propagate to our systems and retry."},{"@type":"type.googleapis.com/google.rpc.Help","links":[{"description":"Google developers console API activation","url":"https://console.developers.google.com/apis/api/compute.googleapis.com/overview?project=252749113198"}]}]}}
[debug] [2026-03-18T23:19:51.942Z] unable to look up default compute service account. Falling back to 252749113198-compute@developer.gserviceaccount.com. Error: {"name":"FirebaseError","children":[],"context":{"body":{"error":{"code":403,"message":"Compute Engine API has not been used in project 252749113198 before or it is disabled. Enable it by visiting https://console.developers.google.com/apis/api/compute.googleapis.com/overview?project=252749113198 then retry. If you enabled this API recently, wait a few minutes for the action to propagate to our systems and retry.","errors":[{"message":"Compute Engine API has not been used in project 252749113198 before or it is disabled. Enable it by visiting https://console.developers.google.com/apis/api/compute.googleapis.com/overview?project=252749113198 then retry. If you enabled this API recently, wait a few minutes for the action to propagate to our systems and retry.","domain":"usageLimits","reason":"accessNotConfigured","extendedHelp":"https://console.developers.google.com"}],"status":"PERMISSION_DENIED","details":[{"@type":"type.googleapis.com/google.rpc.ErrorInfo","reason":"SERVICE_DISABLED","domain":"googleapis.com","metadata":{"consumer":"projects/252749113198","service":"compute.googleapis.com","serviceTitle":"Compute Engine API","activationUrl":"https://console.developers.google.com/apis/api/compute.googleapis.com/overview?project=252749113198","containerInfo":"252749113198"}},{"@type":"type.googleapis.com/google.rpc.LocalizedMessage","locale":"en-US","message":"Compute Engine API has not been used in project 252749113198 before or it is disabled. Enable it by visiting https://console.developers.google.com/apis/api/compute.googleapis.com/overview?project=252749113198 then retry. If you enabled this API recently, wait a few minutes for the action to propagate to our systems and retry."},{"@type":"type.googleapis.com/google.rpc.Help","links":[{"description":"Google developers console API activation","url":"https://console.developers.google.com/apis/api/compute.googleapis.com/overview?project=252749113198"}]}]}},"response":{"statusCode":403}},"exit":1,"message":"Request to https://compute.googleapis.com/compute/v1/projects/252749113198 had HTTP Error: 403, Compute Engine API has not been used in project 252749113198 before or it is disabled. Enable it by visiting https://console.developers.google.com/apis/api/compute.googleapis.com/overview?project=252749113198 then retry. If you enabled this API recently, wait a few minutes for the action to propagate to our systems and retry.","status":403}
[debug] [2026-03-18T23:19:51.946Z] Checked if tokens are valid: true, expires at: 1773878659909
[debug] [2026-03-18T23:19:51.946Z] Checked if tokens are valid: true, expires at: 1773878659909
[debug] [2026-03-18T23:19:51.946Z] >>> [apiv2][query] POST https://firebasehosting.googleapis.com/v1beta1/projects/-/sites/website-novitrail/versions [none]
[debug] [2026-03-18T23:19:51.946Z] >>> [apiv2][body] POST https://firebasehosting.googleapis.com/v1beta1/projects/-/sites/website-novitrail/versions {"status":"CREATED","labels":{"deployment-tool":"cli-firebase","firebase-web-framework":"next_ssr"}}
[debug] [2026-03-18T23:19:53.482Z] <<< [apiv2][status] POST https://firebasehosting.googleapis.com/v1beta1/projects/-/sites/website-novitrail/versions 200
[debug] [2026-03-18T23:19:53.482Z] <<< [apiv2][body] POST https://firebasehosting.googleapis.com/v1beta1/projects/-/sites/website-novitrail/versions {"name":"projects/252749113198/sites/website-novitrail/versions/4726c34020baa345","status":"CREATED","config":{},"labels":{"firebase-web-framework":"next_ssr","deployment-tool":"cli-firebase"}}
[debug] [2026-03-18T23:19:53.483Z] Checked if tokens are valid: true, expires at: 1773878659909
[debug] [2026-03-18T23:19:53.483Z] Checked if tokens are valid: true, expires at: 1773878659909
[debug] [2026-03-18T23:19:53.483Z] >>> [apiv2][query] GET https://cloudbilling.googleapis.com/v1/projects/website-novitrail/billingInfo [none]
[debug] [2026-03-18T23:19:54.943Z] <<< [apiv2][status] GET https://cloudbilling.googleapis.com/v1/projects/website-novitrail/billingInfo 200
[debug] [2026-03-18T23:19:54.943Z] <<< [apiv2][body] GET https://cloudbilling.googleapis.com/v1/projects/website-novitrail/billingInfo {"name":"projects/website-novitrail/billingInfo","projectId":"website-novitrail","billingAccountName":"billingAccounts/016CA7-A13EE9-71E639","billingEnabled":true}
[debug] [2026-03-18T23:19:54.946Z] Checked if tokens are valid: true, expires at: 1773878659909
[debug] [2026-03-18T23:19:54.946Z] Checked if tokens are valid: true, expires at: 1773878659909
[debug] [2026-03-18T23:19:54.946Z] >>> [apiv2][query] POST https://cloudfunctions.googleapis.com/v2/projects/website-novitrail/locations/asia-east1/functions:generateUploadUrl [none]
[debug] [2026-03-18T23:19:55.554Z] <<< [apiv2][status] POST https://cloudfunctions.googleapis.com/v2/projects/website-novitrail/locations/asia-east1/functions:generateUploadUrl 200
[debug] [2026-03-18T23:19:55.555Z] <<< [apiv2][body] POST https://cloudfunctions.googleapis.com/v2/projects/website-novitrail/locations/asia-east1/functions:generateUploadUrl {"uploadUrl":"https://storage.googleapis.com/gcf-v2-uploads-252749113198.asia-east1.cloudfunctions.appspot.com/707a12fa-618c-4ccc-8881-1ab838a264e7.zip?GoogleAccessId=service-252749113198@gcf-admin-robot.iam.gserviceaccount.com&Expires=1773877800&Signature=KdtobcgWqou0%2FII4j9sx7hpQjoMOwEbi3V%2BVJxk%2FvuGImFyMtEdcG9tCCfje1iBfiZ9OubDCWs9YjGuGZ0t9RvHrUF7DOq%2FqxKc%2BrTMNguD1b2Jrp0awfLtLPtS7kytLWM769INymDXDy8bfuuYGQGwWYx8CwzMDoMigDIwt%2BXK5u079FT7596SRZtmzymO7TUm4DPN173wppCU1%2Fi3m9s1HohzrSKgGWdjab%2BOlV1fJrs%2B%2Bs8FnWpS%2B05zXQ1f%2BDF0e0UX4RQiNIQlrQbDbL6r0HQSNs%2FBmZYAdB%2Bl8TflggmJ04H2M3jvS2yUdMj%2FtKuCyZVj5njR7Jgq%2BflFb9w%3D%3D","storageSource":{"bucket":"gcf-v2-uploads-252749113198.asia-east1.cloudfunctions.appspot.com","object":"707a12fa-618c-4ccc-8881-1ab838a264e7.zip"}}
[debug] [2026-03-18T23:19:55.555Z] >>> [apiv2][query] PUT https://storage.googleapis.com/gcf-v2-uploads-252749113198.asia-east1.cloudfunctions.appspot.com/707a12fa-618c-4ccc-8881-1ab838a264e7.zip GoogleAccessId=service-252749113198%40gcf-admin-robot.iam.gserviceaccount.com&Expires=1773877800&Signature=KdtobcgWqou0%2FII4j9sx7hpQjoMOwEbi3V%2BVJxk%2FvuGImFyMtEdcG9tCCfje1iBfiZ9OubDCWs9YjGuGZ0t9RvHrUF7DOq%2FqxKc%2BrTMNguD1b2Jrp0awfLtLPtS7kytLWM769INymDXDy8bfuuYGQGwWYx8CwzMDoMigDIwt%2BXK5u079FT7596SRZtmzymO7TUm4DPN173wppCU1%2Fi3m9s1HohzrSKgGWdjab%2BOlV1fJrs%2B%2Bs8FnWpS%2B05zXQ1f%2BDF0e0UX4RQiNIQlrQbDbL6r0HQSNs%2FBmZYAdB%2Bl8TflggmJ04H2M3jvS2yUdMj%2FtKuCyZVj5njR7Jgq%2BflFb9w%3D%3D
[debug] [2026-03-18T23:19:55.555Z] >>> [apiv2][body] PUT https://storage.googleapis.com/gcf-v2-uploads-252749113198.asia-east1.cloudfunctions.appspot.com/707a12fa-618c-4ccc-8881-1ab838a264e7.zip [stream]
[debug] [2026-03-18T23:20:14.078Z] <<< [apiv2][status] PUT https://storage.googleapis.com/gcf-v2-uploads-252749113198.asia-east1.cloudfunctions.appspot.com/707a12fa-618c-4ccc-8881-1ab838a264e7.zip 200
[debug] [2026-03-18T23:20:14.078Z] <<< [apiv2][body] PUT https://storage.googleapis.com/gcf-v2-uploads-252749113198.asia-east1.cloudfunctions.appspot.com/707a12fa-618c-4ccc-8881-1ab838a264e7.zip [omitted]
[info] +  functions: .firebase\website-novitrail\functions source uploaded successfully 
[info] i  hosting[website-novitrail]: beginning deploy... 
[info] i  hosting[website-novitrail]: found 59 files in .firebase\website-novitrail\hosting 
[debug] [2026-03-18T23:20:14.096Z] [hosting] uploading with 200 concurrency
[debug] [2026-03-18T23:20:15.221Z] Checked if tokens are valid: true, expires at: 1773878659909
[debug] [2026-03-18T23:20:15.222Z] Checked if tokens are valid: true, expires at: 1773878659909
[debug] [2026-03-18T23:20:15.223Z] [hosting] hash cache [LmZpcmViYXNlXHdlYnNpdGUtbm92aXRyYWlsXGhvc3Rpbmc] stored for 59 files
[debug] [2026-03-18T23:20:15.223Z] [hosting][hash queue][FINAL] {"max":1115,"min":0,"avg":804.8618794679004,"active":0,"complete":59,"success":59,"errored":0,"retried":0,"total":59,"elapsed":1124}
[debug] [2026-03-18T23:20:15.225Z] >>> [apiv2][query] POST https://firebasehosting.googleapis.com/v1beta1/projects/252749113198/sites/website-novitrail/versions/4726c34020baa345:populateFiles [none]
[debug] [2026-03-18T23:20:15.225Z] >>> [apiv2][body] POST https://firebasehosting.googleapis.com/v1beta1/projects/252749113198/sites/website-novitrail/versions/4726c34020baa345:populateFiles {"files":{"/logo.png":"6d2562a205577f76cc80210547efcf079b171ac60ffa94b44a50f9163a8c1b6f","/logo-short.png":"bb105546052d4ff1552200b76f085c10fc18ba2b6c476db00cae258e231780d5","/abhay.png":"8b8d8c9abdd0c2ce9a497c55e4455a3e7be060942ca51f1bd635e95ade25b1d7","/products/novitpan-40.png":"8dc675b28465db7ebeb01602224dd4ae231f2afc0ab6f74e2fe24349587e580e","/products/novirinse.png":"33b800bf98881c38cacaa82b356adebf16baebb0caa0e7418525908195eb6543","/products/novinzyme.png":"e9c5854268db601d851f4a95cce9b4d121168a02f9347fa970056bbbb49d5c9f","/products/novibact.png":"0463c8b45930f3ffa00c9b8427ca823f3a5e9c6d202f15b3b2dd3a2e0d2e10d6","/products/novibact-sb.png":"801a7a8dfceeb0c4243d403739c97c053ffd7d7d089be7453d884cfe35a88b3a","/products/nova-rg.png":"4b8b26182f56accfe8238b50b98741d23337324fe28f016090281235c4ad0ffc","/products/klotramic-injection.png":"32e8a4f472eb9a97a6c442cc8f2654167e1af4e14c34ee3992aab30081b41843","/products/all.png":"8ce2508a236e7cc93ff924d131b5debdd8b062e2781abc745040bf9bf1ea5f0c","/hero/pharma-export.png":"2f59df34a2802159195a7281bf1b6bd2419df786082b04471a183c4d8e27f919","/hero/export-logistics.png":"d94d25fac9cb19119c8c32406e4df11ad28a62035fcb9d02067fc1a4c30cc19d","/hero/about-pharma.png":"c1a24f1f9f35e1c2897470066b532082495cfb9b92e4517b5b52dbfa751c580c","/robots.txt":"c7ceb6f70acf11509c5e7091db92a9f722ecd3e81b377de61520409755122a89","/sitemap.xml":"02e8f66b53517aa822abe2cd03b8c2e176903797b9cfe0627eb5b6f05ddd4246","/_global-error.html":"7d2684a2b7c1cf2f197ba30d58e3ba914800c6bf15b9f35e827fbbfeafa4f2ae","/_not-found.html":"e6c68e4499ed9c56326b554b7f3ec4faae0f471016fb4d16a470156d5e451910","/500.html":"7d2684a2b7c1cf2f197ba30d58e3ba914800c6bf15b9f35e827fbbfeafa4f2ae","/_next/static/mKlnHptqcFOcuP7ay4d_t/_ssgManifest.js":"dc28a4dc92fe352ed5d2201bd3972ce47691bc8e89e0400a68d1541d0567c6d5","/_next/static/mKlnHptqcFOcuP7ay4d_t/_buildManifest.js":"dcbe1c9b9159ca21caea98e1bad364012ae284e9551375ca62b83d2811efac91","/_next/static/mKlnHptqcFOcuP7ay4d_t/_clientMiddlewareManifest.json":"61663fde99b3394d71653f41c19fe91269442622a4a6695f8352a70fbf5ca4c1","/contact.html":"d7e91c8e696e1239eab291a6621dfe4b16e5fc54a8b70b385941e9c4fb4c2e8f","/_next/static/media/ad66f9afd8947f86-s.7a40eb73.woff2":"21b0ae0980798b857a8228d5c0a8a31372bd0b5db034530c056f3b36b037e482","/_next/static/media/2bbe8d2671613f1f-s.76dcb0b2.woff2":"5ef466d8ca6f4a51fa3751faea59ad2f63b15dbf9782ae4246bcadacc57f6b8f","/_next/static/chunks/ff1a16fafef87110.js":"1c5ce9de9f2087594a99c79ed2344979288c2efaeb57adf3aecb7d6c8dfa5bcf","/_next/static/chunks/f1b4d49aa9e249c5.js":"5b84bcb2f9f9ef47dec1d9b70d2d70f4a1d1d3825f139dcbe88a602a61df8481","/_next/static/chunks/ebcf3ee6241af00f.js":"96c06383f21876504b9b56cc3532347810a4b781e03e693bd6714058c1087501","/_next/static/chunks/e275b50834f964c1.js":"c5f40083a08a03d9e12beb6796fff4ef9b14220813a6b63451b182ab572e9e09","/_next/static/chunks/turbopack-7c706dab4742ee9d.js":"b1169774347bfa97b42ae8373ff9e70498e42df671a4d6b64271e4d2462f779b","/_next/static/chunks/c50929bb7137c865.js":"ea768819a440aaca427c5d0dbd229f0fb8e8151c58e754a5a78e5954b0b6e12b","/_next/static/chunks/d2be314c3ece3fbe.js":"57e59eea60280d8b4821797483ce89dddb4eb8fbf27f60dd186ec8f7d8d055fd","/404.html":"e6c68e4499ed9c56326b554b7f3ec4faae0f471016fb4d16a470156d5e451910","/_next/static/chunks/82abf2d65f5428ae.js":"2021b9986fad2bc6b3850d917a70ccb0ba7b75d1490468deef3d46a3d1349e2a","/_next/static/chunks/768e11c540302f24.js":"e49a5dcd6c7c89c619465a402de88e1b6c4d5b746a5b16c5799c4bdd6e7381ae","/_next/static/chunks/61cc15824e72367c.js":"b6ef20236924f03481a3a4889ce0e82632d9dad96db78a5c30b7a30c566a4252","/_next/static/chunks/5b7bfa7edf3c1660.js":"79ed1081340ea35078f6a1101edd75c08895f8512219fe2107c2e0dd1f5f6b6d","/_next/static/chunks/355928b2ed711627.js":"658481113c8c97a693df9570a46d1ed167a752ee81df2afd7f2d5aa7d8bd8d44","/_next/static/chunks/07a131a878113b05.js":"d0143cdfd48c0b13461959aa61c8ade96ae1a3b540d0aaf89c43641f5da57418","/index.html":"ca19d2a53dcf89d37c7663d1fab75c26ff89a3d7842030f80688ee113b5d4e11","/products.html":"95707430668c51f73a95f180832375cce297dc80b99fd8bc634d015c8ff90aa0","/export.html":"c140ea29c64616b82e5c9026c749f95298fb03161f665b2b553c7564e4ea60d5","/_next/static/chunks/17a91415c61b29b6.js":"696b6260b0c3b4b106a1b6955a0ed147c700f77844112b479c6e7ab03d101b1a","/_next/static/media/9c72aa0f40e4eef8-s.18a48cbc.woff2":"aeb03c5c1522d2fe6f6384711817dbd6cdbbb3dfa99276adf7325e9eacdae1ee","/_next/static/media/5476f68d60460930-s.c995e352.woff2":"c4de9995b3bb8a73da02308cb75721515f897229c3c422e51304e8afc4bdeccd","/_next/static/media/2c55a0e60120577a-s.2a48534a.woff2":"4ca02247386c89e13dde6791dd0632e3f22aaf94e91bc35ece0edf79ff3e0e77","/about.html":"330c16d32c8323e2024014f2fa858176fcd41328320dc0368e441a2dc210c099","/_next/static/chunks/71304f30f5c118b3.css":"d6b4a8d0732f163fd802983c2c1c0d6440aabe796df7cef7b28803a2789449a9","/_next/static/media/83afe278b6a6bb3c-s.p.3a6ba036.woff2":"86835ac53a0e1de04820388d01b501389d5e9311509282b5e3bfbfc752754083","/_next/static/chunks/48fcfdd33c0abab0.js":"6a774999d51ef4a03ae3560bd037a632294ef9e3a9fe82a57e8b3dbcbac9948f","/_next/static/chunks/65949ab7b9ba96db.js":"146aa521b5d4d81786c51d038b9c727c378205876991b62c0e882c57ee5a60d9","/_next/static/chunks/967275deb724e185.js":"cc84b73730551483e436f1fd6b384734ac08908ee4041c4296de8ab400c8db69","/_next/static/media/1bffadaabf893a1e-s.7cd81963.woff2":"cd2992a875e4939d47289a3cc44c8b8a0e63817f4cc9fbd8b3bdf93b5f66fbb3","/_next/static/chunks/aee6c7720838f8a2.js":"2637c9df2508bf673bbe4ab0c6c97fcb378607a0ba5b1cd16e657cbd9ee17ccd","/_next/static/chunks/a6dad97d9634a72d.js.map":"25ae05f2ece4bc46d2351a2660b3f4347f1adc4181c38f3f596f60ccd615db6f","/favicon.ico":"44ffe8aee96c8f0d4a823f7528bde61b35b074a516c2bb5b8457486da0bcd950","/_next/static/media/favicon.388b4055.ico":"44ffe8aee96c8f0d4a823f7528bde61b35b074a516c2bb5b8457486da0bcd950","/formulations.html":"2a8da2c3dfcc2254275c9b8839298df35541cc28cc7a9539ac4ce727544b5f16","/_next/static/chunks/a6dad97d9634a72d.js":"18e28d3214eda45048d80d3925ea7627b809e69ad2e95f7f98459e9146a61c3d"}}
[debug] [2026-03-18T23:20:16.900Z] <<< [apiv2][status] POST https://firebasehosting.googleapis.com/v1beta1/projects/252749113198/sites/website-novitrail/versions/4726c34020baa345:populateFiles 200
[debug] [2026-03-18T23:20:16.900Z] <<< [apiv2][body] POST https://firebasehosting.googleapis.com/v1beta1/projects/252749113198/sites/website-novitrail/versions/4726c34020baa345:populateFiles {"uploadRequiredHashes":["330c16d32c8323e2024014f2fa858176fcd41328320dc0368e441a2dc210c099","95707430668c51f73a95f180832375cce297dc80b99fd8bc634d015c8ff90aa0","7d2684a2b7c1cf2f197ba30d58e3ba914800c6bf15b9f35e827fbbfeafa4f2ae","2a8da2c3dfcc2254275c9b8839298df35541cc28cc7a9539ac4ce727544b5f16","e6c68e4499ed9c56326b554b7f3ec4faae0f471016fb4d16a470156d5e451910","96c06383f21876504b9b56cc3532347810a4b781e03e693bd6714058c1087501","6a774999d51ef4a03ae3560bd037a632294ef9e3a9fe82a57e8b3dbcbac9948f","d7e91c8e696e1239eab291a6621dfe4b16e5fc54a8b70b385941e9c4fb4c2e8f","c140ea29c64616b82e5c9026c749f95298fb03161f665b2b553c7564e4ea60d5","02e8f66b53517aa822abe2cd03b8c2e176903797b9cfe0627eb5b6f05ddd4246","ca19d2a53dcf89d37c7663d1fab75c26ff89a3d7842030f80688ee113b5d4e11"],"uploadUrl":"https://upload-firebasehosting.googleapis.com/upload/sites/website-novitrail/versions/4726c34020baa345/files"}
[debug] [2026-03-18T23:20:16.901Z] Checked if tokens are valid: true, expires at: 1773878659909
[debug] [2026-03-18T23:20:16.901Z] Checked if tokens are valid: true, expires at: 1773878659909
[debug] [2026-03-18T23:20:16.901Z] Checked if tokens are valid: true, expires at: 1773878659909
[debug] [2026-03-18T23:20:16.901Z] Checked if tokens are valid: true, expires at: 1773878659909
[debug] [2026-03-18T23:20:16.901Z] Checked if tokens are valid: true, expires at: 1773878659909
[debug] [2026-03-18T23:20:16.901Z] Checked if tokens are valid: true, expires at: 1773878659909
[debug] [2026-03-18T23:20:16.901Z] Checked if tokens are valid: true, expires at: 1773878659909
[debug] [2026-03-18T23:20:16.901Z] Checked if tokens are valid: true, expires at: 1773878659909
[debug] [2026-03-18T23:20:16.901Z] Checked if tokens are valid: true, expires at: 1773878659909
[debug] [2026-03-18T23:20:16.901Z] Checked if tokens are valid: true, expires at: 1773878659909
[debug] [2026-03-18T23:20:16.901Z] Checked if tokens are valid: true, expires at: 1773878659909
[debug] [2026-03-18T23:20:16.901Z] Checked if tokens are valid: true, expires at: 1773878659909
[debug] [2026-03-18T23:20:16.902Z] Checked if tokens are valid: true, expires at: 1773878659909
[debug] [2026-03-18T23:20:16.902Z] Checked if tokens are valid: true, expires at: 1773878659909
[debug] [2026-03-18T23:20:16.902Z] Checked if tokens are valid: true, expires at: 1773878659909
[debug] [2026-03-18T23:20:16.902Z] Checked if tokens are valid: true, expires at: 1773878659909
[debug] [2026-03-18T23:20:16.902Z] Checked if tokens are valid: true, expires at: 1773878659909
[debug] [2026-03-18T23:20:16.902Z] Checked if tokens are valid: true, expires at: 1773878659909
[debug] [2026-03-18T23:20:16.902Z] Checked if tokens are valid: true, expires at: 1773878659909
[debug] [2026-03-18T23:20:16.902Z] Checked if tokens are valid: true, expires at: 1773878659909
[debug] [2026-03-18T23:20:16.902Z] Checked if tokens are valid: true, expires at: 1773878659909
[debug] [2026-03-18T23:20:16.902Z] Checked if tokens are valid: true, expires at: 1773878659909
[debug] [2026-03-18T23:20:16.902Z] >>> [apiv2][query] POST https://upload-firebasehosting.googleapis.com/upload/sites/website-novitrail/versions/4726c34020baa345/files/330c16d32c8323e2024014f2fa858176fcd41328320dc0368e441a2dc210c099 [none]
[debug] [2026-03-18T23:20:16.903Z] >>> [apiv2][body] POST https://upload-firebasehosting.googleapis.com/upload/sites/website-novitrail/versions/4726c34020baa345/files/330c16d32c8323e2024014f2fa858176fcd41328320dc0368e441a2dc210c099 [stream]
[debug] [2026-03-18T23:20:16.904Z] >>> [apiv2][query] POST https://upload-firebasehosting.googleapis.com/upload/sites/website-novitrail/versions/4726c34020baa345/files/95707430668c51f73a95f180832375cce297dc80b99fd8bc634d015c8ff90aa0 [none]
[debug] [2026-03-18T23:20:16.904Z] >>> [apiv2][body] POST https://upload-firebasehosting.googleapis.com/upload/sites/website-novitrail/versions/4726c34020baa345/files/95707430668c51f73a95f180832375cce297dc80b99fd8bc634d015c8ff90aa0 [stream]
[debug] [2026-03-18T23:20:16.904Z] >>> [apiv2][query] POST https://upload-firebasehosting.googleapis.com/upload/sites/website-novitrail/versions/4726c34020baa345/files/7d2684a2b7c1cf2f197ba30d58e3ba914800c6bf15b9f35e827fbbfeafa4f2ae [none]
[debug] [2026-03-18T23:20:16.904Z] >>> [apiv2][body] POST https://upload-firebasehosting.googleapis.com/upload/sites/website-novitrail/versions/4726c34020baa345/files/7d2684a2b7c1cf2f197ba30d58e3ba914800c6bf15b9f35e827fbbfeafa4f2ae [stream]
[debug] [2026-03-18T23:20:16.905Z] >>> [apiv2][query] POST https://upload-firebasehosting.googleapis.com/upload/sites/website-novitrail/versions/4726c34020baa345/files/2a8da2c3dfcc2254275c9b8839298df35541cc28cc7a9539ac4ce727544b5f16 [none]
[debug] [2026-03-18T23:20:16.905Z] >>> [apiv2][body] POST https://upload-firebasehosting.googleapis.com/upload/sites/website-novitrail/versions/4726c34020baa345/files/2a8da2c3dfcc2254275c9b8839298df35541cc28cc7a9539ac4ce727544b5f16 [stream]
[debug] [2026-03-18T23:20:16.905Z] >>> [apiv2][query] POST https://upload-firebasehosting.googleapis.com/upload/sites/website-novitrail/versions/4726c34020baa345/files/e6c68e4499ed9c56326b554b7f3ec4faae0f471016fb4d16a470156d5e451910 [none]
[debug] [2026-03-18T23:20:16.906Z] >>> [apiv2][body] POST https://upload-firebasehosting.googleapis.com/upload/sites/website-novitrail/versions/4726c34020baa345/files/e6c68e4499ed9c56326b554b7f3ec4faae0f471016fb4d16a470156d5e451910 [stream]
[debug] [2026-03-18T23:20:16.906Z] >>> [apiv2][query] POST https://upload-firebasehosting.googleapis.com/upload/sites/website-novitrail/versions/4726c34020baa345/files/96c06383f21876504b9b56cc3532347810a4b781e03e693bd6714058c1087501 [none]
[debug] [2026-03-18T23:20:16.906Z] >>> [apiv2][body] POST https://upload-firebasehosting.googleapis.com/upload/sites/website-novitrail/versions/4726c34020baa345/files/96c06383f21876504b9b56cc3532347810a4b781e03e693bd6714058c1087501 [stream]
[debug] [2026-03-18T23:20:16.906Z] >>> [apiv2][query] POST https://upload-firebasehosting.googleapis.com/upload/sites/website-novitrail/versions/4726c34020baa345/files/6a774999d51ef4a03ae3560bd037a632294ef9e3a9fe82a57e8b3dbcbac9948f [none]
[debug] [2026-03-18T23:20:16.906Z] >>> [apiv2][body] POST https://upload-firebasehosting.googleapis.com/upload/sites/website-novitrail/versions/4726c34020baa345/files/6a774999d51ef4a03ae3560bd037a632294ef9e3a9fe82a57e8b3dbcbac9948f [stream]
[debug] [2026-03-18T23:20:16.907Z] >>> [apiv2][query] POST https://upload-firebasehosting.googleapis.com/upload/sites/website-novitrail/versions/4726c34020baa345/files/d7e91c8e696e1239eab291a6621dfe4b16e5fc54a8b70b385941e9c4fb4c2e8f [none]
[debug] [2026-03-18T23:20:16.907Z] >>> [apiv2][body] POST https://upload-firebasehosting.googleapis.com/upload/sites/website-novitrail/versions/4726c34020baa345/files/d7e91c8e696e1239eab291a6621dfe4b16e5fc54a8b70b385941e9c4fb4c2e8f [stream]
[debug] [2026-03-18T23:20:16.907Z] >>> [apiv2][query] POST https://upload-firebasehosting.googleapis.com/upload/sites/website-novitrail/versions/4726c34020baa345/files/c140ea29c64616b82e5c9026c749f95298fb03161f665b2b553c7564e4ea60d5 [none]
[debug] [2026-03-18T23:20:16.907Z] >>> [apiv2][body] POST https://upload-firebasehosting.googleapis.com/upload/sites/website-novitrail/versions/4726c34020baa345/files/c140ea29c64616b82e5c9026c749f95298fb03161f665b2b553c7564e4ea60d5 [stream]
[debug] [2026-03-18T23:20:16.908Z] >>> [apiv2][query] POST https://upload-firebasehosting.googleapis.com/upload/sites/website-novitrail/versions/4726c34020baa345/files/02e8f66b53517aa822abe2cd03b8c2e176903797b9cfe0627eb5b6f05ddd4246 [none]
[debug] [2026-03-18T23:20:16.908Z] >>> [apiv2][body] POST https://upload-firebasehosting.googleapis.com/upload/sites/website-novitrail/versions/4726c34020baa345/files/02e8f66b53517aa822abe2cd03b8c2e176903797b9cfe0627eb5b6f05ddd4246 [stream]
[debug] [2026-03-18T23:20:16.908Z] >>> [apiv2][query] POST https://upload-firebasehosting.googleapis.com/upload/sites/website-novitrail/versions/4726c34020baa345/files/ca19d2a53dcf89d37c7663d1fab75c26ff89a3d7842030f80688ee113b5d4e11 [none]
[debug] [2026-03-18T23:20:16.908Z] >>> [apiv2][body] POST https://upload-firebasehosting.googleapis.com/upload/sites/website-novitrail/versions/4726c34020baa345/files/ca19d2a53dcf89d37c7663d1fab75c26ff89a3d7842030f80688ee113b5d4e11 [stream]
[debug] [2026-03-18T23:20:16.909Z] [hosting][populate queue][FINAL] {"max":1681,"min":1681,"avg":1681,"active":0,"complete":1,"success":1,"errored":0,"retried":0,"total":1,"elapsed":1688}
[debug] [2026-03-18T23:20:16.909Z] [hosting] uploads queued: 11
[debug] [2026-03-18T23:20:18.650Z] <<< [apiv2][status] POST https://upload-firebasehosting.googleapis.com/upload/sites/website-novitrail/versions/4726c34020baa345/files/c140ea29c64616b82e5c9026c749f95298fb03161f665b2b553c7564e4ea60d5 200
[debug] [2026-03-18T23:20:18.651Z] <<< [apiv2][body] POST https://upload-firebasehosting.googleapis.com/upload/sites/website-novitrail/versions/4726c34020baa345/files/c140ea29c64616b82e5c9026c749f95298fb03161f665b2b553c7564e4ea60d5 [stream]
[debug] [2026-03-18T23:20:18.715Z] <<< [apiv2][status] POST https://upload-firebasehosting.googleapis.com/upload/sites/website-novitrail/versions/4726c34020baa345/files/e6c68e4499ed9c56326b554b7f3ec4faae0f471016fb4d16a470156d5e451910 200
[debug] [2026-03-18T23:20:18.716Z] <<< [apiv2][body] POST https://upload-firebasehosting.googleapis.com/upload/sites/website-novitrail/versions/4726c34020baa345/files/e6c68e4499ed9c56326b554b7f3ec4faae0f471016fb4d16a470156d5e451910 [stream]
[debug] [2026-03-18T23:20:18.775Z] <<< [apiv2][status] POST https://upload-firebasehosting.googleapis.com/upload/sites/website-novitrail/versions/4726c34020baa345/files/6a774999d51ef4a03ae3560bd037a632294ef9e3a9fe82a57e8b3dbcbac9948f 200
[debug] [2026-03-18T23:20:18.775Z] <<< [apiv2][body] POST https://upload-firebasehosting.googleapis.com/upload/sites/website-novitrail/versions/4726c34020baa345/files/6a774999d51ef4a03ae3560bd037a632294ef9e3a9fe82a57e8b3dbcbac9948f [stream]
[debug] [2026-03-18T23:20:18.776Z] <<< [apiv2][status] POST https://upload-firebasehosting.googleapis.com/upload/sites/website-novitrail/versions/4726c34020baa345/files/330c16d32c8323e2024014f2fa858176fcd41328320dc0368e441a2dc210c099 200
[debug] [2026-03-18T23:20:18.776Z] <<< [apiv2][body] POST https://upload-firebasehosting.googleapis.com/upload/sites/website-novitrail/versions/4726c34020baa345/files/330c16d32c8323e2024014f2fa858176fcd41328320dc0368e441a2dc210c099 [stream]
[debug] [2026-03-18T23:20:18.803Z] <<< [apiv2][status] POST https://upload-firebasehosting.googleapis.com/upload/sites/website-novitrail/versions/4726c34020baa345/files/d7e91c8e696e1239eab291a6621dfe4b16e5fc54a8b70b385941e9c4fb4c2e8f 200
[debug] [2026-03-18T23:20:18.803Z] <<< [apiv2][body] POST https://upload-firebasehosting.googleapis.com/upload/sites/website-novitrail/versions/4726c34020baa345/files/d7e91c8e696e1239eab291a6621dfe4b16e5fc54a8b70b385941e9c4fb4c2e8f [stream]
[debug] [2026-03-18T23:20:19.125Z] <<< [apiv2][status] POST https://upload-firebasehosting.googleapis.com/upload/sites/website-novitrail/versions/4726c34020baa345/files/2a8da2c3dfcc2254275c9b8839298df35541cc28cc7a9539ac4ce727544b5f16 200
[debug] [2026-03-18T23:20:19.125Z] <<< [apiv2][body] POST https://upload-firebasehosting.googleapis.com/upload/sites/website-novitrail/versions/4726c34020baa345/files/2a8da2c3dfcc2254275c9b8839298df35541cc28cc7a9539ac4ce727544b5f16 [stream]
[debug] [2026-03-18T23:20:19.174Z] <<< [apiv2][status] POST https://upload-firebasehosting.googleapis.com/upload/sites/website-novitrail/versions/4726c34020baa345/files/7d2684a2b7c1cf2f197ba30d58e3ba914800c6bf15b9f35e827fbbfeafa4f2ae 200
[debug] [2026-03-18T23:20:19.174Z] <<< [apiv2][body] POST https://upload-firebasehosting.googleapis.com/upload/sites/website-novitrail/versions/4726c34020baa345/files/7d2684a2b7c1cf2f197ba30d58e3ba914800c6bf15b9f35e827fbbfeafa4f2ae [stream]
[debug] [2026-03-18T23:20:19.468Z] <<< [apiv2][status] POST https://upload-firebasehosting.googleapis.com/upload/sites/website-novitrail/versions/4726c34020baa345/files/95707430668c51f73a95f180832375cce297dc80b99fd8bc634d015c8ff90aa0 200
[debug] [2026-03-18T23:20:19.468Z] <<< [apiv2][body] POST https://upload-firebasehosting.googleapis.com/upload/sites/website-novitrail/versions/4726c34020baa345/files/95707430668c51f73a95f180832375cce297dc80b99fd8bc634d015c8ff90aa0 [stream]
[debug] [2026-03-18T23:20:19.482Z] <<< [apiv2][status] POST https://upload-firebasehosting.googleapis.com/upload/sites/website-novitrail/versions/4726c34020baa345/files/02e8f66b53517aa822abe2cd03b8c2e176903797b9cfe0627eb5b6f05ddd4246 200
[debug] [2026-03-18T23:20:19.482Z] <<< [apiv2][body] POST https://upload-firebasehosting.googleapis.com/upload/sites/website-novitrail/versions/4726c34020baa345/files/02e8f66b53517aa822abe2cd03b8c2e176903797b9cfe0627eb5b6f05ddd4246 [stream]
[debug] [2026-03-18T23:20:19.785Z] <<< [apiv2][status] POST https://upload-firebasehosting.googleapis.com/upload/sites/website-novitrail/versions/4726c34020baa345/files/96c06383f21876504b9b56cc3532347810a4b781e03e693bd6714058c1087501 200
[debug] [2026-03-18T23:20:19.785Z] <<< [apiv2][body] POST https://upload-firebasehosting.googleapis.com/upload/sites/website-novitrail/versions/4726c34020baa345/files/96c06383f21876504b9b56cc3532347810a4b781e03e693bd6714058c1087501 [stream]
[debug] [2026-03-18T23:20:19.923Z] <<< [apiv2][status] POST https://upload-firebasehosting.googleapis.com/upload/sites/website-novitrail/versions/4726c34020baa345/files/ca19d2a53dcf89d37c7663d1fab75c26ff89a3d7842030f80688ee113b5d4e11 200
[debug] [2026-03-18T23:20:19.923Z] <<< [apiv2][body] POST https://upload-firebasehosting.googleapis.com/upload/sites/website-novitrail/versions/4726c34020baa345/files/ca19d2a53dcf89d37c7663d1fab75c26ff89a3d7842030f80688ee113b5d4e11 [stream]
[debug] [2026-03-18T23:20:19.923Z] [hosting][upload queue][FINAL] {"max":3021,"min":1749,"avg":2251.181818181818,"active":0,"complete":11,"success":11,"errored":0,"retried":0,"total":11,"elapsed":3023}
[info] +  hosting[website-novitrail]: file upload complete 
[debug] [2026-03-18T23:20:19.924Z] [hosting] deploy completed after 5844ms
[info] i  functions: updating Node.js 24 (2nd Gen) function firebase-frameworks-website-novitrail:ssrwebsitenovitrail(asia-east1)... 
[debug] [2026-03-18T23:20:19.927Z] Checked if tokens are valid: true, expires at: 1773878659909
[debug] [2026-03-18T23:20:19.927Z] Checked if tokens are valid: true, expires at: 1773878659909
[debug] [2026-03-18T23:20:19.928Z] >>> [apiv2][query] PATCH https://cloudfunctions.googleapis.com/v2/projects/website-novitrail/locations/asia-east1/functions/ssrwebsitenovitrail updateMask=name%2CbuildConfig.runtime%2CbuildConfig.entryPoint%2CbuildConfig.source.storageSource.bucket%2CbuildConfig.source.storageSource.object%2CbuildConfig.environmentVariables%2CbuildConfig.sourceToken%2CserviceConfig.environmentVariables%2CserviceConfig.ingressSettings%2CserviceConfig.timeoutSeconds%2CserviceConfig.serviceAccountEmail%2CserviceConfig.availableMemory%2CserviceConfig.minInstanceCount%2CserviceConfig.maxInstanceCount%2CserviceConfig.maxInstanceRequestConcurrency%2CserviceConfig.availableCpu%2CserviceConfig.vpcConnector%2CserviceConfig.vpcConnectorEgressSettings%2CserviceConfig.directVpcNetworkInterface%2CserviceConfig.directVpcEgress%2Clabels
[debug] [2026-03-18T23:20:19.928Z] >>> [apiv2][body] PATCH https://cloudfunctions.googleapis.com/v2/projects/website-novitrail/locations/asia-east1/functions/ssrwebsitenovitrail {"name":"projects/website-novitrail/locations/asia-east1/functions/ssrwebsitenovitrail","buildConfig":{"runtime":"nodejs24","entryPoint":"ssrwebsitenovitrail","source":{"storageSource":{"bucket":"gcf-v2-uploads-252749113198.asia-east1.cloudfunctions.appspot.com","object":"707a12fa-618c-4ccc-8881-1ab838a264e7.zip"}},"environmentVariables":{"GOOGLE_NODE_RUN_SCRIPTS":""}},"serviceConfig":{"environmentVariables":{"VERCEL_URL":"website-novitrail.web.app","__FIREBASE_FRAMEWORKS_ENTRY__":"next.js","FIREBASE_CONFIG":"{\"projectId\":\"website-novitrail\",\"storageBucket\":\"website-novitrail.firebasestorage.app\"}","GCLOUD_PROJECT":"website-novitrail","EVENTARC_CLOUD_EVENT_SOURCE":"projects/website-novitrail/locations/asia-east1/services/ssrwebsitenovitrail","FUNCTION_TARGET":"ssrwebsitenovitrail","LOG_EXECUTION_ID":"true"},"ingressSettings":null,"timeoutSeconds":null,"serviceAccountEmail":null,"availableMemory":"256Mi","minInstanceCount":null,"maxInstanceCount":null,"maxInstanceRequestConcurrency":80,"availableCpu":"1","vpcConnector":null,"vpcConnectorEgressSettings":null,"directVpcNetworkInterface":null,"directVpcEgress":null},"labels":{"deployment-tool":"cli-firebase","firebase-functions-codebase":"firebase-frameworks-website-novitrail","firebase-functions-hash":"2c06a417f002d687412bfc37ba6b3fd0c357749c"}}
[debug] [2026-03-18T23:20:21.536Z] <<< [apiv2][status] PATCH https://cloudfunctions.googleapis.com/v2/projects/website-novitrail/locations/asia-east1/functions/ssrwebsitenovitrail 200
[debug] [2026-03-18T23:20:21.536Z] <<< [apiv2][body] PATCH https://cloudfunctions.googleapis.com/v2/projects/website-novitrail/locations/asia-east1/functions/ssrwebsitenovitrail {"name":"projects/website-novitrail/locations/asia-east1/operations/operation-1773876025655-64d54b2628091-c93d6127-eb3dd3f0","metadata":{"@type":"type.googleapis.com/google.cloud.functions.v2.OperationMetadata","createTime":"2026-03-18T23:20:26.762221832Z","target":"projects/website-novitrail/locations/asia-east1/functions/ssrwebsitenovitrail","verb":"update","cancelRequested":false,"apiVersion":"v2"},"done":false}
[debug] [2026-03-18T23:20:21.537Z] Checked if tokens are valid: true, expires at: 1773878659909
[debug] [2026-03-18T23:20:21.537Z] Checked if tokens are valid: true, expires at: 1773878659909
[debug] [2026-03-18T23:20:21.537Z] >>> [apiv2][query] GET https://cloudfunctions.googleapis.com/v2/projects/website-novitrail/locations/asia-east1/operations/operation-1773876025655-64d54b2628091-c93d6127-eb3dd3f0 [none]
[debug] [2026-03-18T23:20:21.914Z] <<< [apiv2][status] GET https://cloudfunctions.googleapis.com/v2/projects/website-novitrail/locations/asia-east1/operations/operation-1773876025655-64d54b2628091-c93d6127-eb3dd3f0 200
[debug] [2026-03-18T23:20:21.914Z] <<< [apiv2][body] GET https://cloudfunctions.googleapis.com/v2/projects/website-novitrail/locations/asia-east1/operations/operation-1773876025655-64d54b2628091-c93d6127-eb3dd3f0 {"name":"projects/website-novitrail/locations/asia-east1/operations/operation-1773876025655-64d54b2628091-c93d6127-eb3dd3f0","metadata":{"@type":"type.googleapis.com/google.cloud.functions.v2.OperationMetadata","createTime":"2026-03-18T23:20:26.762221832Z","target":"projects/website-novitrail/locations/asia-east1/functions/ssrwebsitenovitrail","verb":"update","cancelRequested":false,"apiVersion":"v2","requestResource":{"@type":"type.googleapis.com/google.cloud.functions.v2.Function","name":"projects/website-novitrail/locations/asia-east1/functions/ssrwebsitenovitrail","buildConfig":{"runtime":"nodejs24","entryPoint":"ssrwebsitenovitrail","source":{"storageSource":{"bucket":"gcf-v2-sources-252749113198-asia-east1","object":"ssrwebsitenovitrail/function-source.zip","generation":"1773876026718508"}},"environmentVariables":{"GOOGLE_NODE_RUN_SCRIPTS":""},"dockerRepository":"projects/website-novitrail/locations/asia-east1/repositories/gcf-artifacts","sourceProvenance":{"resolvedStorageSource":{"bucket":"gcf-v2-sources-252749113198-asia-east1","object":"ssrwebsitenovitrail/function-source.zip","generation":"1773875277912582"}},"dockerRegistry":"ARTIFACT_REGISTRY","serviceAccount":"projects/website-novitrail/serviceAccounts/252749113198-compute@developer.gserviceaccount.com","automaticUpdatePolicy":{}},"serviceConfig":{"service":"projects/website-novitrail/locations/asia-east1/services/ssrwebsitenovitrail","timeoutSeconds":60,"environmentVariables":{"VERCEL_URL":"website-novitrail.web.app","__FIREBASE_FRAMEWORKS_ENTRY__":"next.js","FIREBASE_CONFIG":"{\"projectId\":\"website-novitrail\",\"storageBucket\":\"website-novitrail.firebasestorage.app\"}","GCLOUD_PROJECT":"website-novitrail","EVENTARC_CLOUD_EVENT_SOURCE":"projects/website-novitrail/locations/asia-east1/services/ssrwebsitenovitrail","FUNCTION_TARGET":"ssrwebsitenovitrail","LOG_EXECUTION_ID":"true"},"ingressSettings":"ALLOW_ALL","uri":"https://ssrwebsitenovitrail-2madf7oeka-de.a.run.app","serviceAccountEmail":"252749113198-compute@developer.gserviceaccount.com","availableMemory":"256Mi","allTrafficOnLatestRevision":true,"revision":"ssrwebsitenovitrail-00031-muj","maxInstanceRequestConcurrency":80,"availableCpu":"1"},"state":"ACTIVE","labels":{"deployment-tool":"cli-firebase","firebase-functions-codebase":"firebase-frameworks-website-novitrail","firebase-functions-hash":"2c06a417f002d687412bfc37ba6b3fd0c357749c"},"environment":"GEN_2","url":"https://asia-east1-website-novitrail.cloudfunctions.net/ssrwebsitenovitrail","satisfiesPzi":true},"stages":[{"name":"BUILD","state":"NOT_STARTED"},{"name":"SERVICE","state":"NOT_STARTED"}],"operationType":"UPDATE_FUNCTION"},"done":false}
[debug] [2026-03-18T23:20:22.418Z] [update-firebase-frameworks-website-novitrail-asia-east1-ssrwebsitenovitrail] Retrying task index 0
[debug] [2026-03-18T23:20:22.418Z] Checked if tokens are valid: true, expires at: 1773878659909
[debug] [2026-03-18T23:20:22.419Z] Checked if tokens are valid: true, expires at: 1773878659909
[debug] [2026-03-18T23:20:22.419Z] >>> [apiv2][query] GET https://cloudfunctions.googleapis.com/v2/projects/website-novitrail/locations/asia-east1/operations/operation-1773876025655-64d54b2628091-c93d6127-eb3dd3f0 [none]
[debug] [2026-03-18T23:20:22.765Z] <<< [apiv2][status] GET https://cloudfunctions.googleapis.com/v2/projects/website-novitrail/locations/asia-east1/operations/operation-1773876025655-64d54b2628091-c93d6127-eb3dd3f0 200
[debug] [2026-03-18T23:20:22.765Z] <<< [apiv2][body] GET https://cloudfunctions.googleapis.com/v2/projects/website-novitrail/locations/asia-east1/operations/operation-1773876025655-64d54b2628091-c93d6127-eb3dd3f0 {"name":"projects/website-novitrail/locations/asia-east1/operations/operation-1773876025655-64d54b2628091-c93d6127-eb3dd3f0","metadata":{"@type":"type.googleapis.com/google.cloud.functions.v2.OperationMetadata","createTime":"2026-03-18T23:20:26.762221832Z","target":"projects/website-novitrail/locations/asia-east1/functions/ssrwebsitenovitrail","verb":"update","cancelRequested":false,"apiVersion":"v2","requestResource":{"@type":"type.googleapis.com/google.cloud.functions.v2.Function","name":"projects/website-novitrail/locations/asia-east1/functions/ssrwebsitenovitrail","buildConfig":{"runtime":"nodejs24","entryPoint":"ssrwebsitenovitrail","source":{"storageSource":{"bucket":"gcf-v2-sources-252749113198-asia-east1","object":"ssrwebsitenovitrail/function-source.zip","generation":"1773876026718508"}},"environmentVariables":{"GOOGLE_NODE_RUN_SCRIPTS":""},"dockerRepository":"projects/website-novitrail/locations/asia-east1/repositories/gcf-artifacts","sourceProvenance":{"resolvedStorageSource":{"bucket":"gcf-v2-sources-252749113198-asia-east1","object":"ssrwebsitenovitrail/function-source.zip","generation":"1773875277912582"}},"dockerRegistry":"ARTIFACT_REGISTRY","serviceAccount":"projects/website-novitrail/serviceAccounts/252749113198-compute@developer.gserviceaccount.com","automaticUpdatePolicy":{}},"serviceConfig":{"service":"projects/website-novitrail/locations/asia-east1/services/ssrwebsitenovitrail","timeoutSeconds":60,"environmentVariables":{"VERCEL_URL":"website-novitrail.web.app","__FIREBASE_FRAMEWORKS_ENTRY__":"next.js","FIREBASE_CONFIG":"{\"projectId\":\"website-novitrail\",\"storageBucket\":\"website-novitrail.firebasestorage.app\"}","GCLOUD_PROJECT":"website-novitrail","EVENTARC_CLOUD_EVENT_SOURCE":"projects/website-novitrail/locations/asia-east1/services/ssrwebsitenovitrail","FUNCTION_TARGET":"ssrwebsitenovitrail","LOG_EXECUTION_ID":"true"},"ingressSettings":"ALLOW_ALL","uri":"https://ssrwebsitenovitrail-2madf7oeka-de.a.run.app","serviceAccountEmail":"252749113198-compute@developer.gserviceaccount.com","availableMemory":"256Mi","allTrafficOnLatestRevision":true,"revision":"ssrwebsitenovitrail-00031-muj","maxInstanceRequestConcurrency":80,"availableCpu":"1"},"state":"ACTIVE","labels":{"deployment-tool":"cli-firebase","firebase-functions-codebase":"firebase-frameworks-website-novitrail","firebase-functions-hash":"2c06a417f002d687412bfc37ba6b3fd0c357749c"},"environment":"GEN_2","url":"https://asia-east1-website-novitrail.cloudfunctions.net/ssrwebsitenovitrail","satisfiesPzi":true},"stages":[{"name":"BUILD","state":"NOT_STARTED"},{"name":"SERVICE","state":"NOT_STARTED"}],"operationType":"UPDATE_FUNCTION"},"done":false}
[debug] [2026-03-18T23:20:23.779Z] [update-firebase-frameworks-website-novitrail-asia-east1-ssrwebsitenovitrail] Retrying task index 0
[debug] [2026-03-18T23:20:23.779Z] Checked if tokens are valid: true, expires at: 1773878659909
[debug] [2026-03-18T23:20:23.779Z] Checked if tokens are valid: true, expires at: 1773878659909
[debug] [2026-03-18T23:20:23.779Z] >>> [apiv2][query] GET https://cloudfunctions.googleapis.com/v2/projects/website-novitrail/locations/asia-east1/operations/operation-1773876025655-64d54b2628091-c93d6127-eb3dd3f0 [none]
[debug] [2026-03-18T23:20:24.125Z] <<< [apiv2][status] GET https://cloudfunctions.googleapis.com/v2/projects/website-novitrail/locations/asia-east1/operations/operation-1773876025655-64d54b2628091-c93d6127-eb3dd3f0 200
[debug] [2026-03-18T23:20:24.125Z] <<< [apiv2][body] GET https://cloudfunctions.googleapis.com/v2/projects/website-novitrail/locations/asia-east1/operations/operation-1773876025655-64d54b2628091-c93d6127-eb3dd3f0 {"name":"projects/website-novitrail/locations/asia-east1/operations/operation-1773876025655-64d54b2628091-c93d6127-eb3dd3f0","metadata":{"@type":"type.googleapis.com/google.cloud.functions.v2.OperationMetadata","createTime":"2026-03-18T23:20:26.762221832Z","target":"projects/website-novitrail/locations/asia-east1/functions/ssrwebsitenovitrail","verb":"update","cancelRequested":false,"apiVersion":"v2","requestResource":{"@type":"type.googleapis.com/google.cloud.functions.v2.Function","name":"projects/website-novitrail/locations/asia-east1/functions/ssrwebsitenovitrail","buildConfig":{"runtime":"nodejs24","entryPoint":"ssrwebsitenovitrail","source":{"storageSource":{"bucket":"gcf-v2-sources-252749113198-asia-east1","object":"ssrwebsitenovitrail/function-source.zip","generation":"1773876026718508"}},"environmentVariables":{"GOOGLE_NODE_RUN_SCRIPTS":""},"dockerRepository":"projects/website-novitrail/locations/asia-east1/repositories/gcf-artifacts","sourceProvenance":{"resolvedStorageSource":{"bucket":"gcf-v2-sources-252749113198-asia-east1","object":"ssrwebsitenovitrail/function-source.zip","generation":"1773875277912582"}},"dockerRegistry":"ARTIFACT_REGISTRY","serviceAccount":"projects/website-novitrail/serviceAccounts/252749113198-compute@developer.gserviceaccount.com","automaticUpdatePolicy":{}},"serviceConfig":{"service":"projects/website-novitrail/locations/asia-east1/services/ssrwebsitenovitrail","timeoutSeconds":60,"environmentVariables":{"VERCEL_URL":"website-novitrail.web.app","__FIREBASE_FRAMEWORKS_ENTRY__":"next.js","FIREBASE_CONFIG":"{\"projectId\":\"website-novitrail\",\"storageBucket\":\"website-novitrail.firebasestorage.app\"}","GCLOUD_PROJECT":"website-novitrail","EVENTARC_CLOUD_EVENT_SOURCE":"projects/website-novitrail/locations/asia-east1/services/ssrwebsitenovitrail","FUNCTION_TARGET":"ssrwebsitenovitrail","LOG_EXECUTION_ID":"true"},"ingressSettings":"ALLOW_ALL","uri":"https://ssrwebsitenovitrail-2madf7oeka-de.a.run.app","serviceAccountEmail":"252749113198-compute@developer.gserviceaccount.com","availableMemory":"256Mi","allTrafficOnLatestRevision":true,"revision":"ssrwebsitenovitrail-00031-muj","maxInstanceRequestConcurrency":80,"availableCpu":"1"},"state":"ACTIVE","labels":{"deployment-tool":"cli-firebase","firebase-functions-codebase":"firebase-frameworks-website-novitrail","firebase-functions-hash":"2c06a417f002d687412bfc37ba6b3fd0c357749c"},"environment":"GEN_2","url":"https://asia-east1-website-novitrail.cloudfunctions.net/ssrwebsitenovitrail","satisfiesPzi":true},"stages":[{"name":"BUILD","message":"Build in progress","state":"IN_PROGRESS","resource":"projects/252749113198/locations/asia-east1/builds/7e5f758e-b266-4d9c-b5f9-7f06da992099","resourceUri":"https://console.cloud.google.com/cloud-build/builds;region=asia-east1/7e5f758e-b266-4d9c-b5f9-7f06da992099?project=252749113198"},{"name":"SERVICE","state":"NOT_STARTED"}],"operationType":"UPDATE_FUNCTION","buildName":"projects/252749113198/locations/asia-east1/builds/7e5f758e-b266-4d9c-b5f9-7f06da992099"},"done":false}
[debug] [2026-03-18T23:20:26.127Z] [update-firebase-frameworks-website-novitrail-asia-east1-ssrwebsitenovitrail] Retrying task index 0
[debug] [2026-03-18T23:20:26.128Z] Checked if tokens are valid: true, expires at: 1773878659909
[debug] [2026-03-18T23:20:26.128Z] Checked if tokens are valid: true, expires at: 1773878659909
[debug] [2026-03-18T23:20:26.128Z] >>> [apiv2][query] GET https://cloudfunctions.googleapis.com/v2/projects/website-novitrail/locations/asia-east1/operations/operation-1773876025655-64d54b2628091-c93d6127-eb3dd3f0 [none]
[debug] [2026-03-18T23:20:26.521Z] <<< [apiv2][status] GET https://cloudfunctions.googleapis.com/v2/projects/website-novitrail/locations/asia-east1/operations/operation-1773876025655-64d54b2628091-c93d6127-eb3dd3f0 200
[debug] [2026-03-18T23:20:26.521Z] <<< [apiv2][body] GET https://cloudfunctions.googleapis.com/v2/projects/website-novitrail/locations/asia-east1/operations/operation-1773876025655-64d54b2628091-c93d6127-eb3dd3f0 {"name":"projects/website-novitrail/locations/asia-east1/operations/operation-1773876025655-64d54b2628091-c93d6127-eb3dd3f0","metadata":{"@type":"type.googleapis.com/google.cloud.functions.v2.OperationMetadata","createTime":"2026-03-18T23:20:26.762221832Z","target":"projects/website-novitrail/locations/asia-east1/functions/ssrwebsitenovitrail","verb":"update","cancelRequested":false,"apiVersion":"v2","requestResource":{"@type":"type.googleapis.com/google.cloud.functions.v2.Function","name":"projects/website-novitrail/locations/asia-east1/functions/ssrwebsitenovitrail","buildConfig":{"runtime":"nodejs24","entryPoint":"ssrwebsitenovitrail","source":{"storageSource":{"bucket":"gcf-v2-sources-252749113198-asia-east1","object":"ssrwebsitenovitrail/function-source.zip","generation":"1773876026718508"}},"environmentVariables":{"GOOGLE_NODE_RUN_SCRIPTS":""},"dockerRepository":"projects/website-novitrail/locations/asia-east1/repositories/gcf-artifacts","sourceProvenance":{"resolvedStorageSource":{"bucket":"gcf-v2-sources-252749113198-asia-east1","object":"ssrwebsitenovitrail/function-source.zip","generation":"1773875277912582"}},"dockerRegistry":"ARTIFACT_REGISTRY","serviceAccount":"projects/website-novitrail/serviceAccounts/252749113198-compute@developer.gserviceaccount.com","automaticUpdatePolicy":{}},"serviceConfig":{"service":"projects/website-novitrail/locations/asia-east1/services/ssrwebsitenovitrail","timeoutSeconds":60,"environmentVariables":{"VERCEL_URL":"website-novitrail.web.app","__FIREBASE_FRAMEWORKS_ENTRY__":"next.js","FIREBASE_CONFIG":"{\"projectId\":\"website-novitrail\",\"storageBucket\":\"website-novitrail.firebasestorage.app\"}","GCLOUD_PROJECT":"website-novitrail","EVENTARC_CLOUD_EVENT_SOURCE":"projects/website-novitrail/locations/asia-east1/services/ssrwebsitenovitrail","FUNCTION_TARGET":"ssrwebsitenovitrail","LOG_EXECUTION_ID":"true"},"ingressSettings":"ALLOW_ALL","uri":"https://ssrwebsitenovitrail-2madf7oeka-de.a.run.app","serviceAccountEmail":"252749113198-compute@developer.gserviceaccount.com","availableMemory":"256Mi","allTrafficOnLatestRevision":true,"revision":"ssrwebsitenovitrail-00031-muj","maxInstanceRequestConcurrency":80,"availableCpu":"1"},"state":"ACTIVE","labels":{"deployment-tool":"cli-firebase","firebase-functions-codebase":"firebase-frameworks-website-novitrail","firebase-functions-hash":"2c06a417f002d687412bfc37ba6b3fd0c357749c"},"environment":"GEN_2","url":"https://asia-east1-website-novitrail.cloudfunctions.net/ssrwebsitenovitrail","satisfiesPzi":true},"stages":[{"name":"BUILD","message":"Build in progress","state":"IN_PROGRESS","resource":"projects/252749113198/locations/asia-east1/builds/7e5f758e-b266-4d9c-b5f9-7f06da992099","resourceUri":"https://console.cloud.google.com/cloud-build/builds;region=asia-east1/7e5f758e-b266-4d9c-b5f9-7f06da992099?project=252749113198"},{"name":"SERVICE","state":"NOT_STARTED"}],"operationType":"UPDATE_FUNCTION","buildName":"projects/252749113198/locations/asia-east1/builds/7e5f758e-b266-4d9c-b5f9-7f06da992099"},"done":false}
[debug] [2026-03-18T23:20:30.530Z] [update-firebase-frameworks-website-novitrail-asia-east1-ssrwebsitenovitrail] Retrying task index 0
[debug] [2026-03-18T23:20:30.530Z] Checked if tokens are valid: true, expires at: 1773878659909
[debug] [2026-03-18T23:20:30.530Z] Checked if tokens are valid: true, expires at: 1773878659909
[debug] [2026-03-18T23:20:30.530Z] >>> [apiv2][query] GET https://cloudfunctions.googleapis.com/v2/projects/website-novitrail/locations/asia-east1/operations/operation-1773876025655-64d54b2628091-c93d6127-eb3dd3f0 [none]
[debug] [2026-03-18T23:20:30.904Z] <<< [apiv2][status] GET https://cloudfunctions.googleapis.com/v2/projects/website-novitrail/locations/asia-east1/operations/operation-1773876025655-64d54b2628091-c93d6127-eb3dd3f0 200
[debug] [2026-03-18T23:20:30.904Z] <<< [apiv2][body] GET https://cloudfunctions.googleapis.com/v2/projects/website-novitrail/locations/asia-east1/operations/operation-1773876025655-64d54b2628091-c93d6127-eb3dd3f0 {"name":"projects/website-novitrail/locations/asia-east1/operations/operation-1773876025655-64d54b2628091-c93d6127-eb3dd3f0","metadata":{"@type":"type.googleapis.com/google.cloud.functions.v2.OperationMetadata","createTime":"2026-03-18T23:20:26.762221832Z","target":"projects/website-novitrail/locations/asia-east1/functions/ssrwebsitenovitrail","verb":"update","cancelRequested":false,"apiVersion":"v2","requestResource":{"@type":"type.googleapis.com/google.cloud.functions.v2.Function","name":"projects/website-novitrail/locations/asia-east1/functions/ssrwebsitenovitrail","buildConfig":{"runtime":"nodejs24","entryPoint":"ssrwebsitenovitrail","source":{"storageSource":{"bucket":"gcf-v2-sources-252749113198-asia-east1","object":"ssrwebsitenovitrail/function-source.zip","generation":"1773876026718508"}},"environmentVariables":{"GOOGLE_NODE_RUN_SCRIPTS":""},"dockerRepository":"projects/website-novitrail/locations/asia-east1/repositories/gcf-artifacts","sourceProvenance":{"resolvedStorageSource":{"bucket":"gcf-v2-sources-252749113198-asia-east1","object":"ssrwebsitenovitrail/function-source.zip","generation":"1773875277912582"}},"dockerRegistry":"ARTIFACT_REGISTRY","serviceAccount":"projects/website-novitrail/serviceAccounts/252749113198-compute@developer.gserviceaccount.com","automaticUpdatePolicy":{}},"serviceConfig":{"service":"projects/website-novitrail/locations/asia-east1/services/ssrwebsitenovitrail","timeoutSeconds":60,"environmentVariables":{"VERCEL_URL":"website-novitrail.web.app","__FIREBASE_FRAMEWORKS_ENTRY__":"next.js","FIREBASE_CONFIG":"{\"projectId\":\"website-novitrail\",\"storageBucket\":\"website-novitrail.firebasestorage.app\"}","GCLOUD_PROJECT":"website-novitrail","EVENTARC_CLOUD_EVENT_SOURCE":"projects/website-novitrail/locations/asia-east1/services/ssrwebsitenovitrail","FUNCTION_TARGET":"ssrwebsitenovitrail","LOG_EXECUTION_ID":"true"},"ingressSettings":"ALLOW_ALL","uri":"https://ssrwebsitenovitrail-2madf7oeka-de.a.run.app","serviceAccountEmail":"252749113198-compute@developer.gserviceaccount.com","availableMemory":"256Mi","allTrafficOnLatestRevision":true,"revision":"ssrwebsitenovitrail-00031-muj","maxInstanceRequestConcurrency":80,"availableCpu":"1"},"state":"ACTIVE","labels":{"deployment-tool":"cli-firebase","firebase-functions-codebase":"firebase-frameworks-website-novitrail","firebase-functions-hash":"2c06a417f002d687412bfc37ba6b3fd0c357749c"},"environment":"GEN_2","url":"https://asia-east1-website-novitrail.cloudfunctions.net/ssrwebsitenovitrail","satisfiesPzi":true},"stages":[{"name":"BUILD","message":"Build in progress","state":"IN_PROGRESS","resource":"projects/252749113198/locations/asia-east1/builds/7e5f758e-b266-4d9c-b5f9-7f06da992099","resourceUri":"https://console.cloud.google.com/cloud-build/builds;region=asia-east1/7e5f758e-b266-4d9c-b5f9-7f06da992099?project=252749113198"},{"name":"SERVICE","state":"NOT_STARTED"}],"operationType":"UPDATE_FUNCTION","buildName":"projects/252749113198/locations/asia-east1/builds/7e5f758e-b266-4d9c-b5f9-7f06da992099"},"done":false}
[debug] [2026-03-18T23:20:38.908Z] [update-firebase-frameworks-website-novitrail-asia-east1-ssrwebsitenovitrail] Retrying task index 0
[debug] [2026-03-18T23:20:38.909Z] Checked if tokens are valid: true, expires at: 1773878659909
[debug] [2026-03-18T23:20:38.909Z] Checked if tokens are valid: true, expires at: 1773878659909
[debug] [2026-03-18T23:20:38.909Z] >>> [apiv2][query] GET https://cloudfunctions.googleapis.com/v2/projects/website-novitrail/locations/asia-east1/operations/operation-1773876025655-64d54b2628091-c93d6127-eb3dd3f0 [none]
[debug] [2026-03-18T23:20:39.358Z] <<< [apiv2][status] GET https://cloudfunctions.googleapis.com/v2/projects/website-novitrail/locations/asia-east1/operations/operation-1773876025655-64d54b2628091-c93d6127-eb3dd3f0 200
[debug] [2026-03-18T23:20:39.358Z] <<< [apiv2][body] GET https://cloudfunctions.googleapis.com/v2/projects/website-novitrail/locations/asia-east1/operations/operation-1773876025655-64d54b2628091-c93d6127-eb3dd3f0 {"name":"projects/website-novitrail/locations/asia-east1/operations/operation-1773876025655-64d54b2628091-c93d6127-eb3dd3f0","metadata":{"@type":"type.googleapis.com/google.cloud.functions.v2.OperationMetadata","createTime":"2026-03-18T23:20:26.762221832Z","target":"projects/website-novitrail/locations/asia-east1/functions/ssrwebsitenovitrail","verb":"update","cancelRequested":false,"apiVersion":"v2","requestResource":{"@type":"type.googleapis.com/google.cloud.functions.v2.Function","name":"projects/website-novitrail/locations/asia-east1/functions/ssrwebsitenovitrail","buildConfig":{"runtime":"nodejs24","entryPoint":"ssrwebsitenovitrail","source":{"storageSource":{"bucket":"gcf-v2-sources-252749113198-asia-east1","object":"ssrwebsitenovitrail/function-source.zip","generation":"1773876026718508"}},"environmentVariables":{"GOOGLE_NODE_RUN_SCRIPTS":""},"dockerRepository":"projects/website-novitrail/locations/asia-east1/repositories/gcf-artifacts","sourceProvenance":{"resolvedStorageSource":{"bucket":"gcf-v2-sources-252749113198-asia-east1","object":"ssrwebsitenovitrail/function-source.zip","generation":"1773875277912582"}},"dockerRegistry":"ARTIFACT_REGISTRY","serviceAccount":"projects/website-novitrail/serviceAccounts/252749113198-compute@developer.gserviceaccount.com","automaticUpdatePolicy":{}},"serviceConfig":{"service":"projects/website-novitrail/locations/asia-east1/services/ssrwebsitenovitrail","timeoutSeconds":60,"environmentVariables":{"VERCEL_URL":"website-novitrail.web.app","__FIREBASE_FRAMEWORKS_ENTRY__":"next.js","FIREBASE_CONFIG":"{\"projectId\":\"website-novitrail\",\"storageBucket\":\"website-novitrail.firebasestorage.app\"}","GCLOUD_PROJECT":"website-novitrail","EVENTARC_CLOUD_EVENT_SOURCE":"projects/website-novitrail/locations/asia-east1/services/ssrwebsitenovitrail","FUNCTION_TARGET":"ssrwebsitenovitrail","LOG_EXECUTION_ID":"true"},"ingressSettings":"ALLOW_ALL","uri":"https://ssrwebsitenovitrail-2madf7oeka-de.a.run.app","serviceAccountEmail":"252749113198-compute@developer.gserviceaccount.com","availableMemory":"256Mi","allTrafficOnLatestRevision":true,"revision":"ssrwebsitenovitrail-00031-muj","maxInstanceRequestConcurrency":80,"availableCpu":"1"},"state":"ACTIVE","labels":{"deployment-tool":"cli-firebase","firebase-functions-codebase":"firebase-frameworks-website-novitrail","firebase-functions-hash":"2c06a417f002d687412bfc37ba6b3fd0c357749c"},"environment":"GEN_2","url":"https://asia-east1-website-novitrail.cloudfunctions.net/ssrwebsitenovitrail","satisfiesPzi":true},"stages":[{"name":"BUILD","message":"Build in progress","state":"IN_PROGRESS","resource":"projects/252749113198/locations/asia-east1/builds/7e5f758e-b266-4d9c-b5f9-7f06da992099","resourceUri":"https://console.cloud.google.com/cloud-build/builds;region=asia-east1/7e5f758e-b266-4d9c-b5f9-7f06da992099?project=252749113198"},{"name":"SERVICE","state":"NOT_STARTED"}],"operationType":"UPDATE_FUNCTION","buildName":"projects/252749113198/locations/asia-east1/builds/7e5f758e-b266-4d9c-b5f9-7f06da992099"},"done":false}
[debug] [2026-03-18T23:20:49.359Z] [update-firebase-frameworks-website-novitrail-asia-east1-ssrwebsitenovitrail] Retrying task index 0
[debug] [2026-03-18T23:20:49.360Z] Checked if tokens are valid: true, expires at: 1773878659909
[debug] [2026-03-18T23:20:49.360Z] Checked if tokens are valid: true, expires at: 1773878659909
[debug] [2026-03-18T23:20:49.360Z] >>> [apiv2][query] GET https://cloudfunctions.googleapis.com/v2/projects/website-novitrail/locations/asia-east1/operations/operation-1773876025655-64d54b2628091-c93d6127-eb3dd3f0 [none]
[debug] [2026-03-18T23:20:49.784Z] <<< [apiv2][status] GET https://cloudfunctions.googleapis.com/v2/projects/website-novitrail/locations/asia-east1/operations/operation-1773876025655-64d54b2628091-c93d6127-eb3dd3f0 200
[debug] [2026-03-18T23:20:49.784Z] <<< [apiv2][body] GET https://cloudfunctions.googleapis.com/v2/projects/website-novitrail/locations/asia-east1/operations/operation-1773876025655-64d54b2628091-c93d6127-eb3dd3f0 {"name":"projects/website-novitrail/locations/asia-east1/operations/operation-1773876025655-64d54b2628091-c93d6127-eb3dd3f0","metadata":{"@type":"type.googleapis.com/google.cloud.functions.v2.OperationMetadata","createTime":"2026-03-18T23:20:26.762221832Z","target":"projects/website-novitrail/locations/asia-east1/functions/ssrwebsitenovitrail","verb":"update","cancelRequested":false,"apiVersion":"v2","requestResource":{"@type":"type.googleapis.com/google.cloud.functions.v2.Function","name":"projects/website-novitrail/locations/asia-east1/functions/ssrwebsitenovitrail","buildConfig":{"runtime":"nodejs24","entryPoint":"ssrwebsitenovitrail","source":{"storageSource":{"bucket":"gcf-v2-sources-252749113198-asia-east1","object":"ssrwebsitenovitrail/function-source.zip","generation":"1773876026718508"}},"environmentVariables":{"GOOGLE_NODE_RUN_SCRIPTS":""},"dockerRepository":"projects/website-novitrail/locations/asia-east1/repositories/gcf-artifacts","sourceProvenance":{"resolvedStorageSource":{"bucket":"gcf-v2-sources-252749113198-asia-east1","object":"ssrwebsitenovitrail/function-source.zip","generation":"1773875277912582"}},"dockerRegistry":"ARTIFACT_REGISTRY","serviceAccount":"projects/website-novitrail/serviceAccounts/252749113198-compute@developer.gserviceaccount.com","automaticUpdatePolicy":{}},"serviceConfig":{"service":"projects/website-novitrail/locations/asia-east1/services/ssrwebsitenovitrail","timeoutSeconds":60,"environmentVariables":{"VERCEL_URL":"website-novitrail.web.app","__FIREBASE_FRAMEWORKS_ENTRY__":"next.js","FIREBASE_CONFIG":"{\"projectId\":\"website-novitrail\",\"storageBucket\":\"website-novitrail.firebasestorage.app\"}","GCLOUD_PROJECT":"website-novitrail","EVENTARC_CLOUD_EVENT_SOURCE":"projects/website-novitrail/locations/asia-east1/services/ssrwebsitenovitrail","FUNCTION_TARGET":"ssrwebsitenovitrail","LOG_EXECUTION_ID":"true"},"ingressSettings":"ALLOW_ALL","uri":"https://ssrwebsitenovitrail-2madf7oeka-de.a.run.app","serviceAccountEmail":"252749113198-compute@developer.gserviceaccount.com","availableMemory":"256Mi","allTrafficOnLatestRevision":true,"revision":"ssrwebsitenovitrail-00031-muj","maxInstanceRequestConcurrency":80,"availableCpu":"1"},"state":"ACTIVE","labels":{"deployment-tool":"cli-firebase","firebase-functions-codebase":"firebase-frameworks-website-novitrail","firebase-functions-hash":"2c06a417f002d687412bfc37ba6b3fd0c357749c"},"environment":"GEN_2","url":"https://asia-east1-website-novitrail.cloudfunctions.net/ssrwebsitenovitrail","satisfiesPzi":true},"stages":[{"name":"BUILD","message":"Build in progress","state":"IN_PROGRESS","resource":"projects/252749113198/locations/asia-east1/builds/7e5f758e-b266-4d9c-b5f9-7f06da992099","resourceUri":"https://console.cloud.google.com/cloud-build/builds;region=asia-east1/7e5f758e-b266-4d9c-b5f9-7f06da992099?project=252749113198"},{"name":"SERVICE","state":"NOT_STARTED"}],"operationType":"UPDATE_FUNCTION","buildName":"projects/252749113198/locations/asia-east1/builds/7e5f758e-b266-4d9c-b5f9-7f06da992099"},"done":false}
[debug] [2026-03-18T23:20:59.794Z] [update-firebase-frameworks-website-novitrail-asia-east1-ssrwebsitenovitrail] Retrying task index 0
[debug] [2026-03-18T23:20:59.794Z] Checked if tokens are valid: true, expires at: 1773878659909
[debug] [2026-03-18T23:20:59.794Z] Checked if tokens are valid: true, expires at: 1773878659909
[debug] [2026-03-18T23:20:59.794Z] >>> [apiv2][query] GET https://cloudfunctions.googleapis.com/v2/projects/website-novitrail/locations/asia-east1/operations/operation-1773876025655-64d54b2628091-c93d6127-eb3dd3f0 [none]
[debug] [2026-03-18T23:21:00.236Z] <<< [apiv2][status] GET https://cloudfunctions.googleapis.com/v2/projects/website-novitrail/locations/asia-east1/operations/operation-1773876025655-64d54b2628091-c93d6127-eb3dd3f0 200
[debug] [2026-03-18T23:21:00.236Z] <<< [apiv2][body] GET https://cloudfunctions.googleapis.com/v2/projects/website-novitrail/locations/asia-east1/operations/operation-1773876025655-64d54b2628091-c93d6127-eb3dd3f0 {"name":"projects/website-novitrail/locations/asia-east1/operations/operation-1773876025655-64d54b2628091-c93d6127-eb3dd3f0","metadata":{"@type":"type.googleapis.com/google.cloud.functions.v2.OperationMetadata","createTime":"2026-03-18T23:20:26.762221832Z","target":"projects/website-novitrail/locations/asia-east1/functions/ssrwebsitenovitrail","verb":"update","cancelRequested":false,"apiVersion":"v2","requestResource":{"@type":"type.googleapis.com/google.cloud.functions.v2.Function","name":"projects/website-novitrail/locations/asia-east1/functions/ssrwebsitenovitrail","buildConfig":{"runtime":"nodejs24","entryPoint":"ssrwebsitenovitrail","source":{"storageSource":{"bucket":"gcf-v2-sources-252749113198-asia-east1","object":"ssrwebsitenovitrail/function-source.zip","generation":"1773876026718508"}},"environmentVariables":{"GOOGLE_NODE_RUN_SCRIPTS":""},"dockerRepository":"projects/website-novitrail/locations/asia-east1/repositories/gcf-artifacts","sourceProvenance":{"resolvedStorageSource":{"bucket":"gcf-v2-sources-252749113198-asia-east1","object":"ssrwebsitenovitrail/function-source.zip","generation":"1773875277912582"}},"dockerRegistry":"ARTIFACT_REGISTRY","serviceAccount":"projects/website-novitrail/serviceAccounts/252749113198-compute@developer.gserviceaccount.com","automaticUpdatePolicy":{}},"serviceConfig":{"service":"projects/website-novitrail/locations/asia-east1/services/ssrwebsitenovitrail","timeoutSeconds":60,"environmentVariables":{"VERCEL_URL":"website-novitrail.web.app","__FIREBASE_FRAMEWORKS_ENTRY__":"next.js","FIREBASE_CONFIG":"{\"projectId\":\"website-novitrail\",\"storageBucket\":\"website-novitrail.firebasestorage.app\"}","GCLOUD_PROJECT":"website-novitrail","EVENTARC_CLOUD_EVENT_SOURCE":"projects/website-novitrail/locations/asia-east1/services/ssrwebsitenovitrail","FUNCTION_TARGET":"ssrwebsitenovitrail","LOG_EXECUTION_ID":"true"},"ingressSettings":"ALLOW_ALL","uri":"https://ssrwebsitenovitrail-2madf7oeka-de.a.run.app","serviceAccountEmail":"252749113198-compute@developer.gserviceaccount.com","availableMemory":"256Mi","allTrafficOnLatestRevision":true,"revision":"ssrwebsitenovitrail-00031-muj","maxInstanceRequestConcurrency":80,"availableCpu":"1"},"state":"ACTIVE","labels":{"deployment-tool":"cli-firebase","firebase-functions-codebase":"firebase-frameworks-website-novitrail","firebase-functions-hash":"2c06a417f002d687412bfc37ba6b3fd0c357749c"},"environment":"GEN_2","url":"https://asia-east1-website-novitrail.cloudfunctions.net/ssrwebsitenovitrail","satisfiesPzi":true},"stages":[{"name":"BUILD","message":"Build in progress","state":"IN_PROGRESS","resource":"projects/252749113198/locations/asia-east1/builds/7e5f758e-b266-4d9c-b5f9-7f06da992099","resourceUri":"https://console.cloud.google.com/cloud-build/builds;region=asia-east1/7e5f758e-b266-4d9c-b5f9-7f06da992099?project=252749113198"},{"name":"SERVICE","state":"NOT_STARTED"}],"operationType":"UPDATE_FUNCTION","buildName":"projects/252749113198/locations/asia-east1/builds/7e5f758e-b266-4d9c-b5f9-7f06da992099"},"done":false}
[debug] [2026-03-18T23:21:10.242Z] [update-firebase-frameworks-website-novitrail-asia-east1-ssrwebsitenovitrail] Retrying task index 0
[debug] [2026-03-18T23:21:10.242Z] Checked if tokens are valid: true, expires at: 1773878659909
[debug] [2026-03-18T23:21:10.242Z] Checked if tokens are valid: true, expires at: 1773878659909
[debug] [2026-03-18T23:21:10.242Z] >>> [apiv2][query] GET https://cloudfunctions.googleapis.com/v2/projects/website-novitrail/locations/asia-east1/operations/operation-1773876025655-64d54b2628091-c93d6127-eb3dd3f0 [none]
[debug] [2026-03-18T23:21:10.728Z] <<< [apiv2][status] GET https://cloudfunctions.googleapis.com/v2/projects/website-novitrail/locations/asia-east1/operations/operation-1773876025655-64d54b2628091-c93d6127-eb3dd3f0 200
[debug] [2026-03-18T23:21:10.728Z] <<< [apiv2][body] GET https://cloudfunctions.googleapis.com/v2/projects/website-novitrail/locations/asia-east1/operations/operation-1773876025655-64d54b2628091-c93d6127-eb3dd3f0 {"name":"projects/website-novitrail/locations/asia-east1/operations/operation-1773876025655-64d54b2628091-c93d6127-eb3dd3f0","metadata":{"@type":"type.googleapis.com/google.cloud.functions.v2.OperationMetadata","createTime":"2026-03-18T23:20:26.762221832Z","target":"projects/website-novitrail/locations/asia-east1/functions/ssrwebsitenovitrail","verb":"update","cancelRequested":false,"apiVersion":"v2","requestResource":{"@type":"type.googleapis.com/google.cloud.functions.v2.Function","name":"projects/website-novitrail/locations/asia-east1/functions/ssrwebsitenovitrail","buildConfig":{"runtime":"nodejs24","entryPoint":"ssrwebsitenovitrail","source":{"storageSource":{"bucket":"gcf-v2-sources-252749113198-asia-east1","object":"ssrwebsitenovitrail/function-source.zip","generation":"1773876026718508"}},"environmentVariables":{"GOOGLE_NODE_RUN_SCRIPTS":""},"dockerRepository":"projects/website-novitrail/locations/asia-east1/repositories/gcf-artifacts","sourceProvenance":{"resolvedStorageSource":{"bucket":"gcf-v2-sources-252749113198-asia-east1","object":"ssrwebsitenovitrail/function-source.zip","generation":"1773875277912582"}},"dockerRegistry":"ARTIFACT_REGISTRY","serviceAccount":"projects/website-novitrail/serviceAccounts/252749113198-compute@developer.gserviceaccount.com","automaticUpdatePolicy":{}},"serviceConfig":{"service":"projects/website-novitrail/locations/asia-east1/services/ssrwebsitenovitrail","timeoutSeconds":60,"environmentVariables":{"VERCEL_URL":"website-novitrail.web.app","__FIREBASE_FRAMEWORKS_ENTRY__":"next.js","FIREBASE_CONFIG":"{\"projectId\":\"website-novitrail\",\"storageBucket\":\"website-novitrail.firebasestorage.app\"}","GCLOUD_PROJECT":"website-novitrail","EVENTARC_CLOUD_EVENT_SOURCE":"projects/website-novitrail/locations/asia-east1/services/ssrwebsitenovitrail","FUNCTION_TARGET":"ssrwebsitenovitrail","LOG_EXECUTION_ID":"true"},"ingressSettings":"ALLOW_ALL","uri":"https://ssrwebsitenovitrail-2madf7oeka-de.a.run.app","serviceAccountEmail":"252749113198-compute@developer.gserviceaccount.com","availableMemory":"256Mi","allTrafficOnLatestRevision":true,"revision":"ssrwebsitenovitrail-00031-muj","maxInstanceRequestConcurrency":80,"availableCpu":"1"},"state":"ACTIVE","labels":{"deployment-tool":"cli-firebase","firebase-functions-codebase":"firebase-frameworks-website-novitrail","firebase-functions-hash":"2c06a417f002d687412bfc37ba6b3fd0c357749c"},"environment":"GEN_2","url":"https://asia-east1-website-novitrail.cloudfunctions.net/ssrwebsitenovitrail","satisfiesPzi":true},"stages":[{"name":"BUILD","message":"Build in progress","state":"IN_PROGRESS","resource":"projects/252749113198/locations/asia-east1/builds/7e5f758e-b266-4d9c-b5f9-7f06da992099","resourceUri":"https://console.cloud.google.com/cloud-build/builds;region=asia-east1/7e5f758e-b266-4d9c-b5f9-7f06da992099?project=252749113198"},{"name":"SERVICE","state":"NOT_STARTED"}],"operationType":"UPDATE_FUNCTION","buildName":"projects/252749113198/locations/asia-east1/builds/7e5f758e-b266-4d9c-b5f9-7f06da992099"},"done":false}
[debug] [2026-03-18T23:21:20.741Z] [update-firebase-frameworks-website-novitrail-asia-east1-ssrwebsitenovitrail] Retrying task index 0
[debug] [2026-03-18T23:21:20.742Z] Checked if tokens are valid: true, expires at: 1773878659909
[debug] [2026-03-18T23:21:20.742Z] Checked if tokens are valid: true, expires at: 1773878659909
[debug] [2026-03-18T23:21:20.742Z] >>> [apiv2][query] GET https://cloudfunctions.googleapis.com/v2/projects/website-novitrail/locations/asia-east1/operations/operation-1773876025655-64d54b2628091-c93d6127-eb3dd3f0 [none]
[debug] [2026-03-18T23:21:21.157Z] <<< [apiv2][status] GET https://cloudfunctions.googleapis.com/v2/projects/website-novitrail/locations/asia-east1/operations/operation-1773876025655-64d54b2628091-c93d6127-eb3dd3f0 200
[debug] [2026-03-18T23:21:21.157Z] <<< [apiv2][body] GET https://cloudfunctions.googleapis.com/v2/projects/website-novitrail/locations/asia-east1/operations/operation-1773876025655-64d54b2628091-c93d6127-eb3dd3f0 {"name":"projects/website-novitrail/locations/asia-east1/operations/operation-1773876025655-64d54b2628091-c93d6127-eb3dd3f0","metadata":{"@type":"type.googleapis.com/google.cloud.functions.v2.OperationMetadata","createTime":"2026-03-18T23:20:26.762221832Z","target":"projects/website-novitrail/locations/asia-east1/functions/ssrwebsitenovitrail","verb":"update","cancelRequested":false,"apiVersion":"v2","requestResource":{"@type":"type.googleapis.com/google.cloud.functions.v2.Function","name":"projects/website-novitrail/locations/asia-east1/functions/ssrwebsitenovitrail","buildConfig":{"runtime":"nodejs24","entryPoint":"ssrwebsitenovitrail","source":{"storageSource":{"bucket":"gcf-v2-sources-252749113198-asia-east1","object":"ssrwebsitenovitrail/function-source.zip","generation":"1773876026718508"}},"environmentVariables":{"GOOGLE_NODE_RUN_SCRIPTS":""},"dockerRepository":"projects/website-novitrail/locations/asia-east1/repositories/gcf-artifacts","sourceProvenance":{"resolvedStorageSource":{"bucket":"gcf-v2-sources-252749113198-asia-east1","object":"ssrwebsitenovitrail/function-source.zip","generation":"1773875277912582"}},"dockerRegistry":"ARTIFACT_REGISTRY","serviceAccount":"projects/website-novitrail/serviceAccounts/252749113198-compute@developer.gserviceaccount.com","automaticUpdatePolicy":{}},"serviceConfig":{"service":"projects/website-novitrail/locations/asia-east1/services/ssrwebsitenovitrail","timeoutSeconds":60,"environmentVariables":{"VERCEL_URL":"website-novitrail.web.app","__FIREBASE_FRAMEWORKS_ENTRY__":"next.js","FIREBASE_CONFIG":"{\"projectId\":\"website-novitrail\",\"storageBucket\":\"website-novitrail.firebasestorage.app\"}","GCLOUD_PROJECT":"website-novitrail","EVENTARC_CLOUD_EVENT_SOURCE":"projects/website-novitrail/locations/asia-east1/services/ssrwebsitenovitrail","FUNCTION_TARGET":"ssrwebsitenovitrail","LOG_EXECUTION_ID":"true"},"ingressSettings":"ALLOW_ALL","uri":"https://ssrwebsitenovitrail-2madf7oeka-de.a.run.app","serviceAccountEmail":"252749113198-compute@developer.gserviceaccount.com","availableMemory":"256Mi","allTrafficOnLatestRevision":true,"revision":"ssrwebsitenovitrail-00031-muj","maxInstanceRequestConcurrency":80,"availableCpu":"1"},"state":"ACTIVE","labels":{"deployment-tool":"cli-firebase","firebase-functions-codebase":"firebase-frameworks-website-novitrail","firebase-functions-hash":"2c06a417f002d687412bfc37ba6b3fd0c357749c"},"environment":"GEN_2","url":"https://asia-east1-website-novitrail.cloudfunctions.net/ssrwebsitenovitrail","satisfiesPzi":true},"stages":[{"name":"BUILD","message":"Build in progress","state":"IN_PROGRESS","resource":"projects/252749113198/locations/asia-east1/builds/7e5f758e-b266-4d9c-b5f9-7f06da992099","resourceUri":"https://console.cloud.google.com/cloud-build/builds;region=asia-east1/7e5f758e-b266-4d9c-b5f9-7f06da992099?project=252749113198"},{"name":"SERVICE","state":"NOT_STARTED"}],"operationType":"UPDATE_FUNCTION","buildName":"projects/252749113198/locations/asia-east1/builds/7e5f758e-b266-4d9c-b5f9-7f06da992099"},"done":false}
[debug] [2026-03-18T23:21:31.173Z] [update-firebase-frameworks-website-novitrail-asia-east1-ssrwebsitenovitrail] Retrying task index 0
[debug] [2026-03-18T23:21:31.173Z] Checked if tokens are valid: true, expires at: 1773878659909
[debug] [2026-03-18T23:21:31.173Z] Checked if tokens are valid: true, expires at: 1773878659909
[debug] [2026-03-18T23:21:31.173Z] >>> [apiv2][query] GET https://cloudfunctions.googleapis.com/v2/projects/website-novitrail/locations/asia-east1/operations/operation-1773876025655-64d54b2628091-c93d6127-eb3dd3f0 [none]
[debug] [2026-03-18T23:21:31.578Z] <<< [apiv2][status] GET https://cloudfunctions.googleapis.com/v2/projects/website-novitrail/locations/asia-east1/operations/operation-1773876025655-64d54b2628091-c93d6127-eb3dd3f0 200
[debug] [2026-03-18T23:21:31.578Z] <<< [apiv2][body] GET https://cloudfunctions.googleapis.com/v2/projects/website-novitrail/locations/asia-east1/operations/operation-1773876025655-64d54b2628091-c93d6127-eb3dd3f0 {"name":"projects/website-novitrail/locations/asia-east1/operations/operation-1773876025655-64d54b2628091-c93d6127-eb3dd3f0","metadata":{"@type":"type.googleapis.com/google.cloud.functions.v2.OperationMetadata","createTime":"2026-03-18T23:20:26.762221832Z","target":"projects/website-novitrail/locations/asia-east1/functions/ssrwebsitenovitrail","verb":"update","cancelRequested":false,"apiVersion":"v2","requestResource":{"@type":"type.googleapis.com/google.cloud.functions.v2.Function","name":"projects/website-novitrail/locations/asia-east1/functions/ssrwebsitenovitrail","buildConfig":{"runtime":"nodejs24","entryPoint":"ssrwebsitenovitrail","source":{"storageSource":{"bucket":"gcf-v2-sources-252749113198-asia-east1","object":"ssrwebsitenovitrail/function-source.zip","generation":"1773876026718508"}},"environmentVariables":{"GOOGLE_NODE_RUN_SCRIPTS":""},"dockerRepository":"projects/website-novitrail/locations/asia-east1/repositories/gcf-artifacts","sourceProvenance":{"resolvedStorageSource":{"bucket":"gcf-v2-sources-252749113198-asia-east1","object":"ssrwebsitenovitrail/function-source.zip","generation":"1773875277912582"}},"dockerRegistry":"ARTIFACT_REGISTRY","serviceAccount":"projects/website-novitrail/serviceAccounts/252749113198-compute@developer.gserviceaccount.com","automaticUpdatePolicy":{}},"serviceConfig":{"service":"projects/website-novitrail/locations/asia-east1/services/ssrwebsitenovitrail","timeoutSeconds":60,"environmentVariables":{"VERCEL_URL":"website-novitrail.web.app","__FIREBASE_FRAMEWORKS_ENTRY__":"next.js","FIREBASE_CONFIG":"{\"projectId\":\"website-novitrail\",\"storageBucket\":\"website-novitrail.firebasestorage.app\"}","GCLOUD_PROJECT":"website-novitrail","EVENTARC_CLOUD_EVENT_SOURCE":"projects/website-novitrail/locations/asia-east1/services/ssrwebsitenovitrail","FUNCTION_TARGET":"ssrwebsitenovitrail","LOG_EXECUTION_ID":"true"},"ingressSettings":"ALLOW_ALL","uri":"https://ssrwebsitenovitrail-2madf7oeka-de.a.run.app","serviceAccountEmail":"252749113198-compute@developer.gserviceaccount.com","availableMemory":"256Mi","allTrafficOnLatestRevision":true,"revision":"ssrwebsitenovitrail-00031-muj","maxInstanceRequestConcurrency":80,"availableCpu":"1"},"state":"ACTIVE","labels":{"deployment-tool":"cli-firebase","firebase-functions-codebase":"firebase-frameworks-website-novitrail","firebase-functions-hash":"2c06a417f002d687412bfc37ba6b3fd0c357749c"},"environment":"GEN_2","url":"https://asia-east1-website-novitrail.cloudfunctions.net/ssrwebsitenovitrail","satisfiesPzi":true},"stages":[{"name":"BUILD","message":"Build in progress","state":"IN_PROGRESS","resource":"projects/252749113198/locations/asia-east1/builds/7e5f758e-b266-4d9c-b5f9-7f06da992099","resourceUri":"https://console.cloud.google.com/cloud-build/builds;region=asia-east1/7e5f758e-b266-4d9c-b5f9-7f06da992099?project=252749113198"},{"name":"SERVICE","state":"NOT_STARTED"}],"operationType":"UPDATE_FUNCTION","buildName":"projects/252749113198/locations/asia-east1/builds/7e5f758e-b266-4d9c-b5f9-7f06da992099"},"done":false}
